path,bytes,sha256
.gitattributes,200,49ac5f081ed016b756b2bbdaf90af75eeb05aeb5e88af97a9d3afc3ec3b3a5ac
.gitignore,77,8b50ea547d7fd15f9ae8b924b8214722d1bb632e1d439b98a02da4e455c6329f
CITATION.cff,843,e413761066a24b042c21a43b86ea25f7a0042fe4e6bbe6e8a9d106b5b5d43f37
DATA_DICTIONARY.md,2385,ee5597bfed34b61926b39ead009414c78826d983a299206351520aee06b17752
DATA_QUALITY_REPORT.md,2924,8fed0477e4192d4823ac9e8ba7ea763c865895c9abd84227800e87b73f073ee5
LICENSE,995,6bfddcafd06716b69e385e053590a375d66f0ccbd0b75fda85e91113baf80331
LICENSE-CODE.txt,1116,2cc996abeb453369330cad28bdd6999602b6dd0227f1faaf7c162e6866e8922f
LICENSE-DATA.md,1198,10d8118e72dd3b5cab5934f57b2e2c3b60170f3df2206527bd077c6803a75b55
PUBLIC_RELEASE_NOTES.md,2131,46ba9986b31afcd1c904134c0fc15f6777a82dec984854c1c169af0d390f1f8a
README.md,4228,da18d749b292ce547048466082a63667a8cce261f82a437b6d9d783ca7d5efae
data/S10_IIOT_CONTEXT_MATRIX_INCLUDED_109.csv,38754,48c201002143fecdb730a7b767ec0494f50ad0c68d7f6a6ba8de16a3fb13ea4a
data/S1_ROWLEVEL_CODING_INCLUDED_109.csv,40250,92f0c655b9520f274d08a750c98316d81e1f773242d34dbf7ce68dbac0eee8af
data/S2_SCREENING_LEDGER_ALL_131.csv,47724,fd0f84e2829383c881e1b82bd4a21166038e6f33df2913332400840f4b744cdd
data/S3_SEARCH_PROTOCOL_AND_PROVENANCE.md,2036,89f980aca2dfcc5f0c03dede50c1f6899972479a738a64e0a329a8c7e0cad8a5
data/S4_PROPERTY_BY_FAMILY_CORRECTED.csv,730,b602c1fc37216f2eda65aa7d2dd2e38d3fd629a4ae979c212cc1de3d3a06db95
data/S4_VERIFICATION_BY_FAMILY_CORRECTED.csv,322,18ed7d1f929540e26eeb7a0b9bb128ce34eca820c3fb36be5654766b68fbb914
data/S4_VERIFICATION_BY_VENUE_TIER_CORRECTED.csv,142,b7793b3582b366fe76a68b10e15570d3468c8ad206de728e54c8fe3bdb018842
data/S4_VERIFICATION_BY_VENUE_TYPE_FINAL.csv,142,b7793b3582b366fe76a68b10e15570d3468c8ad206de728e54c8fe3bdb018842
data/S4_VERIFICATION_BY_YEAR_GROUP_CORRECTED.csv,99,03508034829a3ce309d32ee94a4ac60cc4a16863d5096152b74543deb812aeb1
data/S6_THREE_DIMENSIONAL_MAPPING.csv,1382,4223dc390c02a1c441e2e75f24c884870bb4150c3a7be298594713b65846f80b
data/S7_CORPUS_MANIFEST_ALL_131.csv,47724,fd0f84e2829383c881e1b82bd4a21166038e6f33df2913332400840f4b744cdd
data/S8_EVIDENCE_APPRAISAL_INCLUDED_109.csv,63861,8cbf5db612daabe39166b4a9c2e35587f35c15cf03a33134b321499ef519198b
data/S9_PUBLISHED_PROTOCOL_CASE_SELECTION.csv,1161,dbbe63a2b420b88bce8b82c3163df730529eb81518326819f7db2b87c76b6e2b
figures/20260712_fig2_structure_3D.png,112246,5a2e077da49aec38b51bbc2ec0f6be3b20f2d5c43ba135c1aeb7de036b914071
figures/20260712_fig3_prisma_109_corrected.png,228102,2b5cf0f7664c04cfa0fd57314f232ac117046cfc2d371513f39ac260a71dcfa7
figures/20260712_fig4_taxonomy_3D_109_corrected.png,253613,5a20836c31d2c6298e1904c49668e288be349bc64ab2e8aa1162ba591195a542
figures/20260712_fig5_verification_distribution_109_corrected.png,111993,579000df32dd32f83a3eba13fef17b1e74e0d3fff5b29ff11b217205f07e46f3
figures/20260712_fig6_family_x_verification_109_corrected.png,172799,d821aeffb7a3cefab11f3b8e8baae4537c4f25af2f84e18c7cb06d680ecff97b
figures/20260717_fig2_structure_evidence_corrected.png,78205,059aa8b210446371247079b0f09e2af4662f0e2f53d515c507b574fdbadd5435
figures/20260717_fig7_corrected_P1_latency.png,46021,9108407719e9e822217179c60a11d8a919e875461ee85a008d28f05b3fda6fd1
figures/README.md,1998,afcb7835249dee341e668e90d0b0ffb0c28afdaaf5fce293a44426edca652005
figures/fig3_prisma_flow.pdf,33833,694f9f6322f865f4532f8eba1be19fab724075530a7e1a349aee9bd7bd090bb8
figures/fig3_prisma_flow.png,92222,50caefdc68463e4ed32a30a263ec1814c33ab952de028604f7bcb4daae0804cc
figures/image1.png,106244,1d0575125ca7871dcdba2222092edb45388a0380cda09c6da0bc877fdb7b4a89
figures/image4.png,164220,98cafb4eeb02b0815070bd66733edd5d6347c4259dce98bb99d09218db2ba1dc
figures/image5.png,67898,3570e41af33b7e6076b7ecdea7cd8482e38e0deaea2da3fbcb58200af205d589
figures/image6.png,107549,36473525b9fabffc430fd258ec8799a9eb5ab431d3c0c6a908a036ff42ba1bf4
figures/image8.png,47578,aae1ecca9d8b80f69d612cca03c8d0b3ffac181cb9cc50a21449df1c6b255be8
figures/image9.png,119994,5bb246332416eaaad7a3317431b5f8d0270bbe4073f268a88b9f21fa6678ffab
figures/source/figure4_taxonomy_3D_109_corrected_source.csv,488,66ccad88f33702afc767f889c4b4e2ba8ae5b9bec139ebd26ab2bb549d7eaef1
figures/source/figure5_verification_distribution_109_corrected_source.csv,71,eef441ef80fd2253bbab913984a48a4656b5234331b2a877aaa79d08bcf161de
figures/source/figure6_family_x_verification_109_corrected_source.csv,987,c57b559d18cb0bda39fa3fdf69bf1a1327f139fae8530c9e1c8efe1e064e11ec
manuscript_figures/QA_NOTES.md,3408,6b7838a47083041aceb2eef0b5b37e7b1bddb4808e6d73edce3f2937c4a75974
manuscript_figures/README.md,1955,ae75e0874bb42a8cdb49de8aff115739cb468b1217dae8b1ebb3dd12081f92a9
manuscript_figures/data/deployment_facets.csv,105,c8da27817694f81e48cc66e753e462d4f410e306bc6ae07e6b9316ae04043923
manuscript_figures/data/latency_profiles.csv,131,67bd9db7b83309faa13caab64fe11cf96e997a33b024674bb2a9ba4db7ef70b2
manuscript_figures/data/paper_structure.csv,543,fbdede132e48fc24e68fa2850c8c0b66ca5b10f6f311e1f21164de4ddb938439
manuscript_figures/data/primary_mechanisms.csv,252,c7dac4fe95758e763764b9ff6563b2e475c6f187d0c6fa288beb5926b5a0c674
manuscript_figures/data/verification_by_family.csv,247,3dfea73fd744064f9fd1af4be9cb2eef20345c7bb9ce44209a62065b7046d918
manuscript_figures/data/verification_totals.csv,118,f1ece4aaba65144e72d25a7f75c72d7dfbebd7ec004a61b738c411830c6b2178
manuscript_figures/exports/image1.pdf,55636,f4fb689f8f60f8b3480c93d7c99e5d2d27618fd2a1a9965510bf43b627cb4693
manuscript_figures/exports/image1.svg,8046,e0e89d21bd0721a631350fa8ead60a0257c411116828c4d58ca1533442901b64
manuscript_figures/exports/image4.pdf,54996,31a0983a4f5b136263050e339360bffec687be17912953670480847b0b64291d
manuscript_figures/exports/image4.svg,25744,a5c59c47d232a32b87d8b1c538f01d2034662f5ce8ab3469a770a76c8cd98e8f
manuscript_figures/exports/image5.pdf,44677,c08ce855cb5ddfa73eab6702f13cf7bafeeed6519799b2924ab8bd7c2ad82823
manuscript_figures/exports/image5.svg,12472,906864336c8500a14baf385ba25ade474033ad996d505cd553f7023a410d297c
manuscript_figures/exports/image6.pdf,53304,106e7acd23ad25f819fd83d1dcbd4bd46fc1e29ef76b8ffc31f72ffefd78f3e7
manuscript_figures/exports/image6.svg,32923,3011fbd7260859e625fca6e7ffcecd4c90c7bba5a5cde56fc1bcd46962576940
manuscript_figures/exports/image8.pdf,44880,6e85fccf65776c6aafd92f1dfcc431e5e52e272fcbfbc5be70c22a9ca7aea3e7
manuscript_figures/exports/image8.svg,15436,1dda4cdb8a7de7a9889f1438f7510f73a2a078595d6cb09d49399d91af1bd554
manuscript_figures/exports/image9.pdf,28792,92b97b59b537ffb9f4c8269f2da95dd787458de67bf030736d3d15b7d9344600
manuscript_figures/exports/image9.svg,15357,5194cd5e7b8546494eef51d881b656a639c4c2559d904c8f9d7ef5ace20c95ee
manuscript_figures/generate_corrected_figures.py,21450,a7c7ac7044ccb250594ba3b15dc539fbf140a5a46820e79d4126c4c9e8e5cee5
performance/BENCHMARK_BOUNDARY_AND_SCHEMA_CORRECTION.md,761,b58dc625d12e7fa278b88de092ccea0bcdc576cac9338a7f835183079120091e
performance/README_audit_trail.md,1313,ef51321b9c0035d323cd2d78be539d7f8c2246d8c564dbe587f3f114347b4490
performance/figures/Figure7_corrected_P1_latency.png,46021,9108407719e9e822217179c60a11d8a919e875461ee85a008d28f05b3fda6fd1
performance/results/bench_30_rounds_raw.csv,41829,f9891640d544d6fe326f61135f6bda45fbb9f53fbda206fff1365902344d2149
performance/results/bench_30_rounds_summary.csv,2976,0e52159e5376ea2472059b593bfe1fbd4e80230ce6d900ecd3f19bfb284ab7a1
performance/results/bench_30_rounds_summary.json,7913,0e7453e5db74dc864d91eefc5007926557e9da0f8680fd97d16cc08cb9a4c2a0
performance/results/bench_30_rounds_summary.md,2791,30d0a608a67a7c593353f9ee1a01f49ed7fc46b220665907865f673022d67793
performance/results/bench_patterns.json,674,627d1b80fd463524a9dd3b916e3b3339a4ef790cfde0b1fe95e547e010065fd4
performance/results/bench_sizes.json,406,f2fa11eb1dd298c1a7d66cfa47a928b2ca4b0b122771804e21092317c1154140
performance/results/e4_matrix.json,1098,d2cf2d7ef623b26246aa75b331e94a089b6373df693a3634caee9359bcdc6db5
performance/results/e4_matrix_BOUNDARY.md,476,dd940b73fc618796978bee08c67fc0c8352a290cdacdd31ab197df79be7d613e
performance/results/network_projection_p1_corrected.csv,708,83f0471cdb5a50a0e0462923d640d2f468adf268a506491f378622f13981c843
performance/scripts/bench_30_rounds.py,7279,c8d5c8fb60fe602473346247dd7c005c64c75d87dba30669fe617010cc22b4bf
proverif_models/EXPERIMENTAL_EVIDENCE_PATCH_NOTE.md,1319,9c93331d2df66778523f6a4dffe786bacb0f51e4ab89447f60ce2fafb8684a93
proverif_models/HOW_TO_RUN.md,1105,0c9899c769bcdc1b2acd8d798ddaaf091171900c676591819b688e882833c403
proverif_models/M1_certificate_based_ECDHE.pv,3888,335a64a7c949e1303211bbb7a35649d83dd69a06a67f1284616e04bdf7f0ba81
proverif_models/M2_IBS_blockchain.pv,3073,73c0d708191743075e13c520adf8440074a9fa5fc4c797a326f2b88c40b09f18
proverif_models/M3_certificateless_AKA.pv,3136,53ece9682980d1ec000e031b921b92acc4b2cf7308ab5159f47c98da0ca77973
proverif_models/M4_blockchain_pseudonym.pv,3720,28cdccca5dd49402ea477f0a6ff522a40a37f681b4743fca5ce4b91ae75eae10
proverif_models/M5_PUF_keyestab.pv,2558,938a75d2ccc749f83f38b7dc72caa0359cb5e1e7d2d1525d06688fe90b27cabb
proverif_models/M6_anonymous_ZKP.pv,3265,fd9830cb923513500bed26b4abdfbc182778fc7dbac1adbc9b8d581ec20edf9f
proverif_models/MODEL_SCOPE_AND_CORRECTION_NOTICE.md,2353,8045c6b3fa7183e56b88f9d0f132db7e00f5451c1e69478a982d2842068aeadd
proverif_models/MULTITOOL_MATRIX.csv,6571,c3c2fca7f9be730917a99ba73362f3101cee2626df1763dd2dea3d69531471e7
proverif_models/MULTITOOL_README.md,1800,250919fdc86f6a0abe3779ffd97178204413228e78f884d821cc7b4ecc932f59
proverif_models/PUBLISHED_PROTOCOL_REVERIFY_SUMMARY.csv,6469,172f1903b89ea3bc8b56d807f023d1727a79f8bed8d3a0796ac5d7c6d7deed33
proverif_models/PUBLISHED_PROTOCOL_TRACEABILITY.md,5328,e48249ec3dcdd3b9b5670fe904437d9f4796d734f690e82c59ff38e2cf1580d3
proverif_models/README_运行指南.md,1077,b6e3639340b07fc153648f08beb31af3be3e303f1ef036979401b6e6c733fcc7
proverif_models/RESULTS_TEMPLATE.md,1105,0c9899c769bcdc1b2acd8d798ddaaf091171900c676591819b688e882833c403
proverif_models/THEORY_COMPLETENESS_PATCH_NOTE.md,2151,b1af96a285b704bf3b14527288be6836de9a917df4bb95f9cfaf70b15fb8dd55
proverif_models/THREE_TOOL_ANALYSIS.md,1008,ce8ed2a732ac6aed4a543738ee19087134a0b39da9d920bde0545778e6557932
proverif_models/ablation_models/proverif/M1_certificate_based_ECDHE_remove_module.pv,611,1285d3f6e34b664b936f8cd15e14446a8ae3f5f846d957ee1c0a475a643ef778
proverif_models/ablation_models/proverif/M2_IBS_blockchain_remove_module.pv,611,35373bddc907d5972fa5a41a62003d44b16cbd4c9b1bfec320fe79368f35f7d6
proverif_models/ablation_models/proverif/M3_certificateless_AKA_remove_module.pv,604,8bbf41777d236185e34fdaccd118f2aeded3b8d27fc3224233fe5c30d9bdea9f
proverif_models/ablation_models/proverif/M4_blockchain_pseudonym_remove_module.pv,615,13b92af85712e0031d4a2c636baa312d541c59d9f6fa9b526b36269615279a46
proverif_models/ablation_models/proverif/M5_PUF_keyestab_remove_module.pv,603,995d3c173f1ef9bca4443ff8e2833b0ca7d30e4027a18b3aad4f30bb4553a214
proverif_models/ablation_models/proverif/M6_anonymous_ZKP_remove_module.pv,600,256040c740965984cf917bd245e9a3d2ad51d31a4bf4847d93070ca9467fe3f4
proverif_models/ablation_models/scyther/M1_certificate_based_ECDHE_remove_module.spdl,631,480b974de5bf403c49e6eac31119eb9bbbc29f7620159684825b262ae62ae231
proverif_models/ablation_models/scyther/M2_IBS_blockchain_remove_module.spdl,623,737700c11f3e22de47ea2dfc3f23d2c29e80ea37a897c192938c3bdc8b99ed17
proverif_models/ablation_models/scyther/M3_certificateless_AKA_remove_module.spdl,621,fc44250d990cb5aa6165b4f9659edcca665bbd8e02e8e7da98ed2fc3fe4f4b55
proverif_models/ablation_models/scyther/M4_blockchain_pseudonym_remove_module.spdl,633,551113f0ef86ba2efedc2079acf97a64176b8ea6e6b439185687790865abe494
proverif_models/ablation_models/scyther/M5_PUF_keyestab_remove_module.spdl,613,11ae8877f326b2485ddd6ca93a84d37dd3a3854bc1cd02400b9901a4d78b2944
proverif_models/ablation_models/scyther/M6_anonymous_ZKP_remove_module.spdl,611,e728a08e0d2b255f04ec172d7fdc6e182e03dd3f5b63623fe485e04dbf2908ad
proverif_models/ablation_models/tamarin/M1_certificate_based_ECDHE_remove_module.spthy,647,9af7c039cdb6dc6d6728b00747640fb58e52dd6e89a91604685cef8a95f76c8e
proverif_models/ablation_models/tamarin/M2_IBS_blockchain_remove_module.spthy,638,ee05df874e316d2b84d52e1f3916f1d058c8d5bc5e052a7cc36458931e82a638
proverif_models/ablation_models/tamarin/M3_certificateless_AKA_remove_module.spthy,636,91e35e54a0a6b1d018e51ee488bb7c09d9a8c8c5a2d935b349afa818fbdf1dd1
proverif_models/ablation_models/tamarin/M4_blockchain_pseudonym_remove_module.spthy,648,cf6e659baaa3d48b89bb83b57c845179154328c55a6b1d91188ec905ec2f5e7c
proverif_models/ablation_models/tamarin/M5_PUF_keyestab_remove_module.spthy,628,bc289f563637e41ab8a220e0612c868bd36f5d887c590d5229851fe0a47bf286
proverif_models/ablation_models/tamarin/M6_anonymous_ZKP_remove_module.spthy,626,10acd936bd1bc4f4a48bc52355a8d1e98a37f323e3930f63960038435e6609e2
proverif_models/avispa_models/M1_certificate_based_ECDHE.hlpsl,1400,891599b8b678d7d39bb1612161c2f6f9ee27de8fbc2b59302c0b696df03fa9b8
proverif_models/avispa_models/M2_IBS_blockchain.hlpsl,1497,25a93f7c1787ea114655726fa5edf9458182a2a7c0e56b631326f557e360d279
proverif_models/avispa_models/M3_certificateless_AKA.hlpsl,1585,be0535459075fa80002e491558ec8c5efb9b96886a722040d4c53e7b402bbac1
proverif_models/avispa_models/M4_blockchain_pseudonym_abstract.hlpsl,719,c52608e5741f5b59109448f5c40871b444f57faf78fcfdfa6848a1cb88169a86
proverif_models/avispa_models/M5_PUF_keyestab_abstract.hlpsl,753,b1e5251ed3a8dd4dd241280b897320b7117493ee09ed1b32e7296c644a57b546
proverif_models/avispa_models/M6_anonymous_ZKP_abstract.hlpsl,836,49943b7f8e8f19fce46bad136a9a92d563a1fea3d287793bbf187f38ae009e0a
proverif_models/published_protocol_models/README.md,3371,2d035627d1222dcbdcbf5ecf9c5e3aec581e579a1439635d6ccdfa01f1bda6a2
proverif_models/published_protocol_models/bcae_zhang2024/bcae_zhang2024.pv,4212,997ad2dde7bb63a5b2ef31f65eccc2d08704499ca648d99871b538b1cd90f778
proverif_models/published_protocol_models/ccap_tong2022/ccap_tong2022.pv,3928,32dab7b7cce95b7397e2c7cd337f7c607b7bc17357c824edbc55f390dcdc6764
proverif_models/published_protocol_models/ccap_tong2022/ccap_tong2022_replay_cache_fix.pv,2039,f910eb8ba415e5e57a2ba3b63920e0f97053ad06102dfb4e756ffb252a618bed
proverif_models/published_protocol_models/clbasa_wang2022/clbasa_wang2022.pv,5336,70600604a31c919077bca0901f6ce0a1dda6c72ad70b7d5198fcca33dc024066
proverif_models/published_protocol_models/clbasa_wang2022/clbasa_wang2022.spdl,1777,d5c2c819e6927122c6fc3594cc9bf9cd1c58feb4f8b3446bc78e18a32d8be8f4
proverif_models/published_protocol_models/clbasa_wang2022/clbasa_wang2022_direct_auth.spdl,906,f42983523ee4359fa78a057bd5efc9d7cf34fad1ff8e304b303a41e3f1d1181b
proverif_models/published_protocol_models/clbasa_wang2022/clbasa_wang2022_direct_auth_fix.spdl,920,07e0ff191dd5153908e88995522583a8b0f5130b64b247d554135763837f2216
proverif_models/published_protocol_models/clbasa_wang2022/clbasa_wang2022_transcript_bound_fix.pv,4084,39403646e884bc02c0e7fa979a510a588a606052f837d959698c940b4aa716c8
proverif_models/published_protocol_models/clbasa_wang2022/clbasa_wang2022_transcript_bound_fix.spdl,1587,49bc37e52a840e3eeabb2733ac8dcf02ae8f2e098659d583a69d14298bfd134b
proverif_models/reachability_checks/M1_CORRECTED_CHECK_STATUS.csv,546,b29b2ba0bb074996cd266e2153bd06688fd36ba53a23dbf63542f1c9c4177388
proverif_models/reachability_checks/M1_corrected_honest_completion_witness_proverif205.log,9502,dd30cb529a277bab4fd3112a7ac98cdce6ce69bf098425b4c7a09f1d12f2df53
proverif_models/reachability_checks/M1_corrected_initiator_injective_agreement.pv,3726,91f4a1e30409143d4c3c1d87cd6b91985219071a137d581845dd28566c7400f2
proverif_models/reachability_checks/M1_corrected_initiator_injective_agreement_proverif205.log,3704,a611d3f04a40d17bd3b1a87939304c24e26398e5e0f7239a6a60ae95e906dfea
proverif_models/reachability_checks/M1_corrected_responder_injective_agreement.pv,3726,12ba69702c0b9945502a23d445be9ad9b8307de2081d13ba3be653ce737a2cf2
proverif_models/reachability_checks/M1_corrected_responder_injective_agreement_proverif205.log,4511,156d23a66a13cd8974db25c649fb5861d19c6f2c8c8111161776244cbee8db85
proverif_models/reachability_checks/M1_corrected_secrecy.pv,3664,ae0604f280e00596fb28e3e8f7d68230ff29062ae9d140392acb6f1ac292982e
proverif_models/reachability_checks/M1_corrected_secrecy_proverif205.log,3701,b40bdb0bf7bc7aceb03332a873ee8358574224bd163d45ab5d795899eb0e71c7
proverif_models/reachability_checks/M1_honest_completion_witness.pv,1921,796ab0ada1ee551df035c4dc259f04164e8b25c9bc8050a6019c19dd13b072b8
proverif_models/reachability_checks/run_m1_corrected_checks.py,4025,4b74186fc287ca13b3a91e0b3600e621fb24f9752b4b5b74c4989505ec218269
proverif_models/results/M1_certificate_based_ECDHE.txt,4599,b0455b9eede1b70a99ab26bb94532b1d15c64c719adba35d2b774fa27b347e62
proverif_models/results/M2_IBS_blockchain.txt,5327,9ede6d064bf96b972a43da5f1a6577de1bd05fd1e17c6893e8042e82adc1f85c
proverif_models/results/M3_certificateless_AKA.txt,6169,d440508a97345e68c2c76397d32d195d316408acd1e16def7ba8dafdb174e93e
proverif_models/results/M4_blockchain_pseudonym.txt,6007,1b225ba6b8f5a9626b6dfe0288e3bee6d68656e8810e10de2f964cac0516028e
proverif_models/results/M5_PUF_keyestab.txt,2972,91622aca9dd16ad19beaeea1ed6be85a18ffcea5611305b35cc7a391e001269a
proverif_models/results/M6_anonymous_ZKP.txt,3621,b0dd81839c53188e965e3ff3826c014d6a77fcbaea3a8ca7fb9428508d6b0daa
proverif_models/results/README_RESULT_STATUS.md,447,ac4cd8b35683992ecc34998a6e61e378fad38a4674d442afb1710d34006f2144
proverif_models/results/SUMMARY.txt,2632,f40f62dc2611725282545d360ebf61380a635acb3a8588a4617d266a995a9c92
proverif_models/results_ablation/ABLATION_SUMMARY.csv,9309,02ad7e188cda3241dd19b688cb8b02aafef9df44183f717d9ba89e84cb6f9420
proverif_models/results_ablation/ABLATION_SUMMARY.md,603,03ec3b7771a3f2d74f0cc955494e3d2676864a4e89a1ff23cdc37da421b598d1
proverif_models/results_ablation/proverif_M1_certificate_based_ECDHE_remove_module.txt,1887,15dd470978a6405afd79947f3960f1248576dca7feb479e4913a5715d2f06844
proverif_models/results_ablation/proverif_M2_IBS_blockchain_remove_module.txt,1887,15dd470978a6405afd79947f3960f1248576dca7feb479e4913a5715d2f06844
proverif_models/results_ablation/proverif_M3_certificateless_AKA_remove_module.txt,1887,15dd470978a6405afd79947f3960f1248576dca7feb479e4913a5715d2f06844
proverif_models/results_ablation/proverif_M4_blockchain_pseudonym_remove_module.txt,1887,15dd470978a6405afd79947f3960f1248576dca7feb479e4913a5715d2f06844
proverif_models/results_ablation/proverif_M5_PUF_keyestab_remove_module.txt,1887,15dd470978a6405afd79947f3960f1248576dca7feb479e4913a5715d2f06844
proverif_models/results_ablation/proverif_M6_anonymous_ZKP_remove_module.txt,1887,15dd470978a6405afd79947f3960f1248576dca7feb479e4913a5715d2f06844
proverif_models/results_ablation/scyther_M1_certificate_based_ECDHE_remove_module.txt,552,59d207a2e1c3ce09114d564504f66c2af2bce03b2552215d77afae0d6fdb81e6
proverif_models/results_ablation/scyther_M2_IBS_blockchain_remove_module.txt,504,efc195c3aed2ec55d37b1b1de6510280e3ebc742df1c4c48c218e9aa91263cdb
proverif_models/results_ablation/scyther_M3_certificateless_AKA_remove_module.txt,534,0758819c8de1f88280ab17399ce07300debefdfbe340b6e5d863f0e41499cc8b
proverif_models/results_ablation/scyther_M4_blockchain_pseudonym_remove_module.txt,540,d86d9916ab54a65959b611468ce1d8b37808cbafc0f264717e293e39cc7c699d
proverif_models/results_ablation/scyther_M5_PUF_keyestab_remove_module.txt,492,974ef23c279addaa14ff3ca6b7f38587fa65c7e516ace63d0bd76621b72aeee0
proverif_models/results_ablation/scyther_M6_anonymous_ZKP_remove_module.txt,498,6b1f7900986513e96eebcb7892823837bcb24fbb4489d6bbcf9ea66167287eaf
proverif_models/results_ablation/tamarin_M1_certificate_based_ECDHE_remove_module.txt,2498,0a9aaf8caf5cb7fd0e0856f2aaa47dcae2f03d3f221d5672d6c12b7dc07e944d
proverif_models/results_ablation/tamarin_M2_IBS_blockchain_remove_module.txt,2435,5912f6bcedb59e3c9192f25c9129c2401c6a1e5e44cda42a7a145c4108aa8ebe
proverif_models/results_ablation/tamarin_M3_certificateless_AKA_remove_module.txt,2470,2b44da194573eb52dc97f3a2705165fefc7d1682db68842f6518b1df94ae01a4
proverif_models/results_ablation/tamarin_M4_blockchain_pseudonym_remove_module.txt,2477,e76bbc9ebc9a034b841422d795dc26aab12c1ebb384ed398bea507f59527a654
proverif_models/results_ablation/tamarin_M5_PUF_keyestab_remove_module.txt,2421,4296ce5e10a472bcbf10176258aec157726c722434ce3e10f2d9467604f3c262
proverif_models/results_ablation/tamarin_M6_anonymous_ZKP_remove_module.txt,2428,bd3b4531f3846882a4038f8c3c3fb1744607fed4a1c7ee00c61788d3c0286bb5
proverif_models/results_multitool/README_RESULT_STATUS.md,447,ac4cd8b35683992ecc34998a6e61e378fad38a4674d442afb1710d34006f2144
proverif_models/results_multitool/SUMMARY.txt,10654,1113a4a635789bc51c70bcc7fec4982a5cd5a500622330398c6dda9007207cda
proverif_models/results_multitool/proverif_M1_certificate_based_ECDHE.txt,4599,b0455b9eede1b70a99ab26bb94532b1d15c64c719adba35d2b774fa27b347e62
proverif_models/results_multitool/proverif_M2_IBS_blockchain.txt,5327,9ede6d064bf96b972a43da5f1a6577de1bd05fd1e17c6893e8042e82adc1f85c
proverif_models/results_multitool/proverif_M3_certificateless_AKA.txt,6169,d440508a97345e68c2c76397d32d195d316408acd1e16def7ba8dafdb174e93e
proverif_models/results_multitool/proverif_M4_blockchain_pseudonym.txt,6007,1b225ba6b8f5a9626b6dfe0288e3bee6d68656e8810e10de2f964cac0516028e
proverif_models/results_multitool/proverif_M5_PUF_keyestab.txt,2972,91622aca9dd16ad19beaeea1ed6be85a18ffcea5611305b35cc7a391e001269a
proverif_models/results_multitool/proverif_M6_anonymous_ZKP.txt,3621,b0dd81839c53188e965e3ff3826c014d6a77fcbaea3a8ca7fb9428508d6b0daa
proverif_models/results_multitool/scyther_M1_certificate_based_ECDHE.txt,762,4af7cc5432ad17fe5cb74ff564f35eaa9ce5c9682565e1e8553baec53a79a572
proverif_models/results_multitool/scyther_M2_IBS_blockchain.txt,772,0ab5f36ea52951f7ca86451b711d296af1563dfb4b564a213aa8f12effe49aec
proverif_models/results_multitool/scyther_M3_certificateless_AKA.txt,802,098d43ff71ff22d9590b1c4aee675d98ff1534ad537ef3ff19a80abb9fca0662
proverif_models/results_multitool/scyther_M4_blockchain_pseudonym_abstract.txt,524,acd1a7c4ab6343f870de8bb9f2d50e692f36e5f34de17bc0d170f6005b6bf649
proverif_models/results_multitool/scyther_M5_PUF_keyestab_abstract.txt,506,ab26ad8f0ae8b71348885a64fcf41412d3b86bf0630c998735cc9d6f1c0c7024
proverif_models/results_multitool/scyther_M6_anonymous_ZKP_abstract.txt,486,b1c37037313904f6fcc24416f0f881326d51a45536beb995d9b88052b718a2e7
proverif_models/results_multitool/tamarin_M1_certificate_based_ECDHE.txt,3810,e5e04f20796221185bfd100ad5af07f60b052f0b6dbec1b84717f8bf6d1086de
proverif_models/results_multitool/tamarin_M2_IBS_blockchain.txt,4245,4b66d848a20ad21f5c0e48b584bef1d04556d36b8460574835dfb9246f96617b
proverif_models/results_multitool/tamarin_M3_certificateless_AKA.txt,4168,e5486e2101ace2d096b964792603de1690a597831e9f562e049166ff33070a46
proverif_models/results_multitool/tamarin_M4_blockchain_pseudonym_abstract.txt,3035,50b49aae13051e0665a10814647cc55325294730a6856afcaa0f3ab44e35e894
proverif_models/results_multitool/tamarin_M5_PUF_keyestab_abstract.txt,3073,b0bc0ff006bf3ffb38e4aa2fe693ecc5d30926eb4060b29701f1591dfe0de5d2
proverif_models/results_multitool/tamarin_M6_anonymous_ZKP_abstract.txt,3221,2adba984681e1fd9220b75000e94cc536986d60b1c44749af833fd4fc36eb6ce
proverif_models/results_published_protocols/bcae_zhang2024_proverif.log,16494,3e9fb36a601551c122cef0ca78955d9c99c7e773ba51b11891695f66d90ae76e
proverif_models/results_published_protocols/ccap_tong2022_proverif.log,9353,5f892a45a857ab5854cf349559b76c44748d4c1c0c1f852a1aa0cfe4181fdb68
proverif_models/results_published_protocols/ccap_tong2022_replay_cache_fix_proverif.log,9521,40f63c5f5165b7157824b204265fb1370f50cbce74370693fdf4c8cc97154836
proverif_models/results_published_protocols/clbasa_wang2022_direct_auth_fix_scyther.log,647,6a9b0d475b5c6fee95791734d3b6fcdb24f12dcdf33c3b581fdf4884e77708bf
proverif_models/results_published_protocols/clbasa_wang2022_direct_auth_scyther.log,623,97988b08d479b2782bfa1567f5b6978653441b548ca24bfac67bd22fa0062ecd
proverif_models/results_published_protocols/clbasa_wang2022_proverif.log,31950,6a36292f8879a5d21887f0644f621d70a97e1f36a210955067aa95f3e4cac976
proverif_models/results_published_protocols/clbasa_wang2022_scyther.log,1142,54e7d3f618a0eca2994c3cf9804f2480f5cb5d828df0ed35645ce1a79cdc023c
proverif_models/results_published_protocols/clbasa_wang2022_transcript_bound_fix_proverif.log,9014,038aef2b1cba1def7f98457a6cc37e3c3e3a88c774a0ffe2bdecc583888744ed
proverif_models/results_published_protocols/clbasa_wang2022_transcript_bound_fix_scyther.log,1190,ad35c0c88b20722ba60fc4fc6c8e710e6528bab183470eed3ec2ec958490cc65
proverif_models/results_timing/README_RESULT_STATUS.md,412,2a099a8d263b77c9b329b057ef4a4d294374abba2bf811e676160b68bf8d0c3c
proverif_models/results_timing/THREE_TOOL_TIMING_RAW.csv,4976,52e9c38c2b33eb1ce843cb4ef52a7cc154917e9944f3bc33e38dd4e3c636e2f9
proverif_models/results_timing/THREE_TOOL_TIMING_SUMMARY.csv,3105,b2a09ae30cc281507796287b1285e8d686795639b7a7147431385ce73fcddb9a
proverif_models/results_timing/THREE_TOOL_TIMING_SUMMARY.md,2383,53c170c60d7f77c187f4dd539458b7e70b9131307f6d77ede185b5228c8d7e56
proverif_models/results_timing/proverif_M1_rep01.txt,4599,b0455b9eede1b70a99ab26bb94532b1d15c64c719adba35d2b774fa27b347e62
proverif_models/results_timing/proverif_M1_rep02.txt,4599,b0455b9eede1b70a99ab26bb94532b1d15c64c719adba35d2b774fa27b347e62
proverif_models/results_timing/proverif_M1_rep03.txt,4599,b0455b9eede1b70a99ab26bb94532b1d15c64c719adba35d2b774fa27b347e62
proverif_models/results_timing/proverif_M1_rep04.txt,4599,b0455b9eede1b70a99ab26bb94532b1d15c64c719adba35d2b774fa27b347e62
proverif_models/results_timing/proverif_M1_rep05.txt,4599,b0455b9eede1b70a99ab26bb94532b1d15c64c719adba35d2b774fa27b347e62
proverif_models/results_timing/proverif_M1_rep06.txt,4599,b0455b9eede1b70a99ab26bb94532b1d15c64c719adba35d2b774fa27b347e62
proverif_models/results_timing/proverif_M1_rep07.txt,4599,b0455b9eede1b70a99ab26bb94532b1d15c64c719adba35d2b774fa27b347e62
proverif_models/results_timing/proverif_M1_rep08.txt,4599,b0455b9eede1b70a99ab26bb94532b1d15c64c719adba35d2b774fa27b347e62
proverif_models/results_timing/proverif_M1_rep09.txt,4599,b0455b9eede1b70a99ab26bb94532b1d15c64c719adba35d2b774fa27b347e62
proverif_models/results_timing/proverif_M1_rep10.txt,4599,b0455b9eede1b70a99ab26bb94532b1d15c64c719adba35d2b774fa27b347e62
proverif_models/results_timing/proverif_M2_rep01.txt,5327,9ede6d064bf96b972a43da5f1a6577de1bd05fd1e17c6893e8042e82adc1f85c
proverif_models/results_timing/proverif_M2_rep02.txt,5327,9ede6d064bf96b972a43da5f1a6577de1bd05fd1e17c6893e8042e82adc1f85c
proverif_models/results_timing/proverif_M2_rep03.txt,5327,9ede6d064bf96b972a43da5f1a6577de1bd05fd1e17c6893e8042e82adc1f85c
proverif_models/results_timing/proverif_M2_rep04.txt,5327,9ede6d064bf96b972a43da5f1a6577de1bd05fd1e17c6893e8042e82adc1f85c
proverif_models/results_timing/proverif_M2_rep05.txt,5327,9ede6d064bf96b972a43da5f1a6577de1bd05fd1e17c6893e8042e82adc1f85c
proverif_models/results_timing/proverif_M2_rep06.txt,5327,9ede6d064bf96b972a43da5f1a6577de1bd05fd1e17c6893e8042e82adc1f85c
proverif_models/results_timing/proverif_M2_rep07.txt,5327,9ede6d064bf96b972a43da5f1a6577de1bd05fd1e17c6893e8042e82adc1f85c
proverif_models/results_timing/proverif_M2_rep08.txt,5327,9ede6d064bf96b972a43da5f1a6577de1bd05fd1e17c6893e8042e82adc1f85c
proverif_models/results_timing/proverif_M2_rep09.txt,5327,9ede6d064bf96b972a43da5f1a6577de1bd05fd1e17c6893e8042e82adc1f85c
proverif_models/results_timing/proverif_M2_rep10.txt,5327,9ede6d064bf96b972a43da5f1a6577de1bd05fd1e17c6893e8042e82adc1f85c
proverif_models/results_timing/proverif_M3_rep01.txt,6169,d440508a97345e68c2c76397d32d195d316408acd1e16def7ba8dafdb174e93e
proverif_models/results_timing/proverif_M3_rep02.txt,6169,d440508a97345e68c2c76397d32d195d316408acd1e16def7ba8dafdb174e93e
proverif_models/results_timing/proverif_M3_rep03.txt,6169,d440508a97345e68c2c76397d32d195d316408acd1e16def7ba8dafdb174e93e
proverif_models/results_timing/proverif_M3_rep04.txt,6169,d440508a97345e68c2c76397d32d195d316408acd1e16def7ba8dafdb174e93e
proverif_models/results_timing/proverif_M3_rep05.txt,6169,d440508a97345e68c2c76397d32d195d316408acd1e16def7ba8dafdb174e93e
proverif_models/results_timing/proverif_M3_rep06.txt,6169,d440508a97345e68c2c76397d32d195d316408acd1e16def7ba8dafdb174e93e
proverif_models/results_timing/proverif_M3_rep07.txt,6169,d440508a97345e68c2c76397d32d195d316408acd1e16def7ba8dafdb174e93e
proverif_models/results_timing/proverif_M3_rep08.txt,6169,d440508a97345e68c2c76397d32d195d316408acd1e16def7ba8dafdb174e93e
proverif_models/results_timing/proverif_M3_rep09.txt,6169,d440508a97345e68c2c76397d32d195d316408acd1e16def7ba8dafdb174e93e
proverif_models/results_timing/proverif_M3_rep10.txt,6169,d440508a97345e68c2c76397d32d195d316408acd1e16def7ba8dafdb174e93e
proverif_models/results_timing/proverif_M4_rep01.txt,6007,1b225ba6b8f5a9626b6dfe0288e3bee6d68656e8810e10de2f964cac0516028e
proverif_models/results_timing/proverif_M4_rep02.txt,6007,1b225ba6b8f5a9626b6dfe0288e3bee6d68656e8810e10de2f964cac0516028e
proverif_models/results_timing/proverif_M4_rep03.txt,6007,1b225ba6b8f5a9626b6dfe0288e3bee6d68656e8810e10de2f964cac0516028e
proverif_models/results_timing/proverif_M4_rep04.txt,6007,1b225ba6b8f5a9626b6dfe0288e3bee6d68656e8810e10de2f964cac0516028e
proverif_models/results_timing/proverif_M4_rep05.txt,6007,1b225ba6b8f5a9626b6dfe0288e3bee6d68656e8810e10de2f964cac0516028e
proverif_models/results_timing/proverif_M4_rep06.txt,6007,1b225ba6b8f5a9626b6dfe0288e3bee6d68656e8810e10de2f964cac0516028e
proverif_models/results_timing/proverif_M4_rep07.txt,6007,1b225ba6b8f5a9626b6dfe0288e3bee6d68656e8810e10de2f964cac0516028e
proverif_models/results_timing/proverif_M4_rep08.txt,6007,1b225ba6b8f5a9626b6dfe0288e3bee6d68656e8810e10de2f964cac0516028e
proverif_models/results_timing/proverif_M4_rep09.txt,6007,1b225ba6b8f5a9626b6dfe0288e3bee6d68656e8810e10de2f964cac0516028e
proverif_models/results_timing/proverif_M4_rep10.txt,6007,1b225ba6b8f5a9626b6dfe0288e3bee6d68656e8810e10de2f964cac0516028e
proverif_models/results_timing/proverif_M5_rep01.txt,2972,91622aca9dd16ad19beaeea1ed6be85a18ffcea5611305b35cc7a391e001269a
proverif_models/results_timing/proverif_M5_rep02.txt,2972,91622aca9dd16ad19beaeea1ed6be85a18ffcea5611305b35cc7a391e001269a
proverif_models/results_timing/proverif_M5_rep03.txt,2972,91622aca9dd16ad19beaeea1ed6be85a18ffcea5611305b35cc7a391e001269a
proverif_models/results_timing/proverif_M5_rep04.txt,2972,91622aca9dd16ad19beaeea1ed6be85a18ffcea5611305b35cc7a391e001269a
proverif_models/results_timing/proverif_M5_rep05.txt,2972,91622aca9dd16ad19beaeea1ed6be85a18ffcea5611305b35cc7a391e001269a
proverif_models/results_timing/proverif_M5_rep06.txt,2972,91622aca9dd16ad19beaeea1ed6be85a18ffcea5611305b35cc7a391e001269a
proverif_models/results_timing/proverif_M5_rep07.txt,2972,91622aca9dd16ad19beaeea1ed6be85a18ffcea5611305b35cc7a391e001269a
proverif_models/results_timing/proverif_M5_rep08.txt,2972,91622aca9dd16ad19beaeea1ed6be85a18ffcea5611305b35cc7a391e001269a
proverif_models/results_timing/proverif_M5_rep09.txt,2972,91622aca9dd16ad19beaeea1ed6be85a18ffcea5611305b35cc7a391e001269a
proverif_models/results_timing/proverif_M5_rep10.txt,2972,91622aca9dd16ad19beaeea1ed6be85a18ffcea5611305b35cc7a391e001269a
proverif_models/results_timing/proverif_M6_rep01.txt,3621,b0dd81839c53188e965e3ff3826c014d6a77fcbaea3a8ca7fb9428508d6b0daa
proverif_models/results_timing/proverif_M6_rep02.txt,3621,b0dd81839c53188e965e3ff3826c014d6a77fcbaea3a8ca7fb9428508d6b0daa
proverif_models/results_timing/proverif_M6_rep03.txt,3621,b0dd81839c53188e965e3ff3826c014d6a77fcbaea3a8ca7fb9428508d6b0daa
proverif_models/results_timing/proverif_M6_rep04.txt,3621,b0dd81839c53188e965e3ff3826c014d6a77fcbaea3a8ca7fb9428508d6b0daa
proverif_models/results_timing/proverif_M6_rep05.txt,3621,b0dd81839c53188e965e3ff3826c014d6a77fcbaea3a8ca7fb9428508d6b0daa
proverif_models/results_timing/proverif_M6_rep06.txt,3621,b0dd81839c53188e965e3ff3826c014d6a77fcbaea3a8ca7fb9428508d6b0daa
proverif_models/results_timing/proverif_M6_rep07.txt,3621,b0dd81839c53188e965e3ff3826c014d6a77fcbaea3a8ca7fb9428508d6b0daa
proverif_models/results_timing/proverif_M6_rep08.txt,3621,b0dd81839c53188e965e3ff3826c014d6a77fcbaea3a8ca7fb9428508d6b0daa
proverif_models/results_timing/proverif_M6_rep09.txt,3621,b0dd81839c53188e965e3ff3826c014d6a77fcbaea3a8ca7fb9428508d6b0daa
proverif_models/results_timing/proverif_M6_rep10.txt,3621,b0dd81839c53188e965e3ff3826c014d6a77fcbaea3a8ca7fb9428508d6b0daa
proverif_models/results_timing/scyther_M1_rep01.txt,762,4af7cc5432ad17fe5cb74ff564f35eaa9ce5c9682565e1e8553baec53a79a572
proverif_models/results_timing/scyther_M1_rep02.txt,762,4af7cc5432ad17fe5cb74ff564f35eaa9ce5c9682565e1e8553baec53a79a572
proverif_models/results_timing/scyther_M1_rep03.txt,762,4af7cc5432ad17fe5cb74ff564f35eaa9ce5c9682565e1e8553baec53a79a572
proverif_models/results_timing/scyther_M1_rep04.txt,762,4af7cc5432ad17fe5cb74ff564f35eaa9ce5c9682565e1e8553baec53a79a572
proverif_models/results_timing/scyther_M1_rep05.txt,762,4af7cc5432ad17fe5cb74ff564f35eaa9ce5c9682565e1e8553baec53a79a572
proverif_models/results_timing/scyther_M1_rep06.txt,762,4af7cc5432ad17fe5cb74ff564f35eaa9ce5c9682565e1e8553baec53a79a572
proverif_models/results_timing/scyther_M1_rep07.txt,762,4af7cc5432ad17fe5cb74ff564f35eaa9ce5c9682565e1e8553baec53a79a572
proverif_models/results_timing/scyther_M1_rep08.txt,762,4af7cc5432ad17fe5cb74ff564f35eaa9ce5c9682565e1e8553baec53a79a572
proverif_models/results_timing/scyther_M1_rep09.txt,762,4af7cc5432ad17fe5cb74ff564f35eaa9ce5c9682565e1e8553baec53a79a572
proverif_models/results_timing/scyther_M1_rep10.txt,762,4af7cc5432ad17fe5cb74ff564f35eaa9ce5c9682565e1e8553baec53a79a572
proverif_models/results_timing/scyther_M2_rep01.txt,772,0ab5f36ea52951f7ca86451b711d296af1563dfb4b564a213aa8f12effe49aec
proverif_models/results_timing/scyther_M2_rep02.txt,772,0ab5f36ea52951f7ca86451b711d296af1563dfb4b564a213aa8f12effe49aec
proverif_models/results_timing/scyther_M2_rep03.txt,772,0ab5f36ea52951f7ca86451b711d296af1563dfb4b564a213aa8f12effe49aec
proverif_models/results_timing/scyther_M2_rep04.txt,772,0ab5f36ea52951f7ca86451b711d296af1563dfb4b564a213aa8f12effe49aec
proverif_models/results_timing/scyther_M2_rep05.txt,772,0ab5f36ea52951f7ca86451b711d296af1563dfb4b564a213aa8f12effe49aec
proverif_models/results_timing/scyther_M2_rep06.txt,772,0ab5f36ea52951f7ca86451b711d296af1563dfb4b564a213aa8f12effe49aec
proverif_models/results_timing/scyther_M2_rep07.txt,772,0ab5f36ea52951f7ca86451b711d296af1563dfb4b564a213aa8f12effe49aec
proverif_models/results_timing/scyther_M2_rep08.txt,772,0ab5f36ea52951f7ca86451b711d296af1563dfb4b564a213aa8f12effe49aec
proverif_models/results_timing/scyther_M2_rep09.txt,772,0ab5f36ea52951f7ca86451b711d296af1563dfb4b564a213aa8f12effe49aec
proverif_models/results_timing/scyther_M2_rep10.txt,772,0ab5f36ea52951f7ca86451b711d296af1563dfb4b564a213aa8f12effe49aec
proverif_models/results_timing/scyther_M3_rep01.txt,802,098d43ff71ff22d9590b1c4aee675d98ff1534ad537ef3ff19a80abb9fca0662
proverif_models/results_timing/scyther_M3_rep02.txt,802,098d43ff71ff22d9590b1c4aee675d98ff1534ad537ef3ff19a80abb9fca0662
proverif_models/results_timing/scyther_M3_rep03.txt,802,098d43ff71ff22d9590b1c4aee675d98ff1534ad537ef3ff19a80abb9fca0662
proverif_models/results_timing/scyther_M3_rep04.txt,802,098d43ff71ff22d9590b1c4aee675d98ff1534ad537ef3ff19a80abb9fca0662
proverif_models/results_timing/scyther_M3_rep05.txt,802,098d43ff71ff22d9590b1c4aee675d98ff1534ad537ef3ff19a80abb9fca0662
proverif_models/results_timing/scyther_M3_rep06.txt,802,098d43ff71ff22d9590b1c4aee675d98ff1534ad537ef3ff19a80abb9fca0662
proverif_models/results_timing/scyther_M3_rep07.txt,802,098d43ff71ff22d9590b1c4aee675d98ff1534ad537ef3ff19a80abb9fca0662
proverif_models/results_timing/scyther_M3_rep08.txt,802,098d43ff71ff22d9590b1c4aee675d98ff1534ad537ef3ff19a80abb9fca0662
proverif_models/results_timing/scyther_M3_rep09.txt,802,098d43ff71ff22d9590b1c4aee675d98ff1534ad537ef3ff19a80abb9fca0662
proverif_models/results_timing/scyther_M3_rep10.txt,802,098d43ff71ff22d9590b1c4aee675d98ff1534ad537ef3ff19a80abb9fca0662
proverif_models/results_timing/scyther_M4_rep01.txt,524,acd1a7c4ab6343f870de8bb9f2d50e692f36e5f34de17bc0d170f6005b6bf649
proverif_models/results_timing/scyther_M4_rep02.txt,524,acd1a7c4ab6343f870de8bb9f2d50e692f36e5f34de17bc0d170f6005b6bf649
proverif_models/results_timing/scyther_M4_rep03.txt,524,acd1a7c4ab6343f870de8bb9f2d50e692f36e5f34de17bc0d170f6005b6bf649
proverif_models/results_timing/scyther_M4_rep04.txt,524,acd1a7c4ab6343f870de8bb9f2d50e692f36e5f34de17bc0d170f6005b6bf649
proverif_models/results_timing/scyther_M4_rep05.txt,524,acd1a7c4ab6343f870de8bb9f2d50e692f36e5f34de17bc0d170f6005b6bf649
proverif_models/results_timing/scyther_M4_rep06.txt,524,acd1a7c4ab6343f870de8bb9f2d50e692f36e5f34de17bc0d170f6005b6bf649
proverif_models/results_timing/scyther_M4_rep07.txt,524,acd1a7c4ab6343f870de8bb9f2d50e692f36e5f34de17bc0d170f6005b6bf649
proverif_models/results_timing/scyther_M4_rep08.txt,524,acd1a7c4ab6343f870de8bb9f2d50e692f36e5f34de17bc0d170f6005b6bf649
proverif_models/results_timing/scyther_M4_rep09.txt,524,acd1a7c4ab6343f870de8bb9f2d50e692f36e5f34de17bc0d170f6005b6bf649
proverif_models/results_timing/scyther_M4_rep10.txt,524,acd1a7c4ab6343f870de8bb9f2d50e692f36e5f34de17bc0d170f6005b6bf649
proverif_models/results_timing/scyther_M5_rep01.txt,506,ab26ad8f0ae8b71348885a64fcf41412d3b86bf0630c998735cc9d6f1c0c7024
proverif_models/results_timing/scyther_M5_rep02.txt,506,ab26ad8f0ae8b71348885a64fcf41412d3b86bf0630c998735cc9d6f1c0c7024
proverif_models/results_timing/scyther_M5_rep03.txt,506,ab26ad8f0ae8b71348885a64fcf41412d3b86bf0630c998735cc9d6f1c0c7024
proverif_models/results_timing/scyther_M5_rep04.txt,506,ab26ad8f0ae8b71348885a64fcf41412d3b86bf0630c998735cc9d6f1c0c7024
proverif_models/results_timing/scyther_M5_rep05.txt,506,ab26ad8f0ae8b71348885a64fcf41412d3b86bf0630c998735cc9d6f1c0c7024
proverif_models/results_timing/scyther_M5_rep06.txt,506,ab26ad8f0ae8b71348885a64fcf41412d3b86bf0630c998735cc9d6f1c0c7024
proverif_models/results_timing/scyther_M5_rep07.txt,506,ab26ad8f0ae8b71348885a64fcf41412d3b86bf0630c998735cc9d6f1c0c7024
proverif_models/results_timing/scyther_M5_rep08.txt,506,ab26ad8f0ae8b71348885a64fcf41412d3b86bf0630c998735cc9d6f1c0c7024
proverif_models/results_timing/scyther_M5_rep09.txt,506,ab26ad8f0ae8b71348885a64fcf41412d3b86bf0630c998735cc9d6f1c0c7024
proverif_models/results_timing/scyther_M5_rep10.txt,506,ab26ad8f0ae8b71348885a64fcf41412d3b86bf0630c998735cc9d6f1c0c7024
proverif_models/results_timing/scyther_M6_rep01.txt,486,b1c37037313904f6fcc24416f0f881326d51a45536beb995d9b88052b718a2e7
proverif_models/results_timing/scyther_M6_rep02.txt,486,b1c37037313904f6fcc24416f0f881326d51a45536beb995d9b88052b718a2e7
proverif_models/results_timing/scyther_M6_rep03.txt,486,b1c37037313904f6fcc24416f0f881326d51a45536beb995d9b88052b718a2e7
proverif_models/results_timing/scyther_M6_rep04.txt,486,b1c37037313904f6fcc24416f0f881326d51a45536beb995d9b88052b718a2e7
proverif_models/results_timing/scyther_M6_rep05.txt,486,b1c37037313904f6fcc24416f0f881326d51a45536beb995d9b88052b718a2e7
proverif_models/results_timing/scyther_M6_rep06.txt,486,b1c37037313904f6fcc24416f0f881326d51a45536beb995d9b88052b718a2e7
proverif_models/results_timing/scyther_M6_rep07.txt,486,b1c37037313904f6fcc24416f0f881326d51a45536beb995d9b88052b718a2e7
proverif_models/results_timing/scyther_M6_rep08.txt,486,b1c37037313904f6fcc24416f0f881326d51a45536beb995d9b88052b718a2e7
proverif_models/results_timing/scyther_M6_rep09.txt,486,b1c37037313904f6fcc24416f0f881326d51a45536beb995d9b88052b718a2e7
proverif_models/results_timing/scyther_M6_rep10.txt,486,b1c37037313904f6fcc24416f0f881326d51a45536beb995d9b88052b718a2e7
proverif_models/results_timing/tamarin_M1_rep01.txt,3810,5c1f17db855f78bf6a065dd9966c437a862bb1c544b2b3c32ecad6ba93710b22
proverif_models/results_timing/tamarin_M1_rep02.txt,3810,5f3f4d6676370aa5a1d0d3cd46d8eb40f61c592629bfb4f96468f133dc1c6c8a
proverif_models/results_timing/tamarin_M1_rep03.txt,3810,5c1f17db855f78bf6a065dd9966c437a862bb1c544b2b3c32ecad6ba93710b22
proverif_models/results_timing/tamarin_M1_rep04.txt,3810,959223ed4bae00fc57aba61381be36e81332806d7c4c37d3deec946072a67237
proverif_models/results_timing/tamarin_M1_rep05.txt,3810,5f3f4d6676370aa5a1d0d3cd46d8eb40f61c592629bfb4f96468f133dc1c6c8a
proverif_models/results_timing/tamarin_M1_rep06.txt,3810,4ee111d4e76e9c9f575d1140abca70023af02453f0109d153fb0b573f2b40e1b
proverif_models/results_timing/tamarin_M1_rep07.txt,3810,5c1f17db855f78bf6a065dd9966c437a862bb1c544b2b3c32ecad6ba93710b22
proverif_models/results_timing/tamarin_M1_rep08.txt,3810,959223ed4bae00fc57aba61381be36e81332806d7c4c37d3deec946072a67237
proverif_models/results_timing/tamarin_M1_rep09.txt,3810,5c1f17db855f78bf6a065dd9966c437a862bb1c544b2b3c32ecad6ba93710b22
proverif_models/results_timing/tamarin_M1_rep10.txt,3810,959223ed4bae00fc57aba61381be36e81332806d7c4c37d3deec946072a67237
proverif_models/results_timing/tamarin_M2_rep01.txt,4245,1b223e71080ae4d6500150d458e65720d28153bf5119f70b7ab796c66911733d
proverif_models/results_timing/tamarin_M2_rep02.txt,4245,3e74aedd8db49163a7c0b04866dcaa92a7f3f4f42edeab0e26651ae5705187a1
proverif_models/results_timing/tamarin_M2_rep03.txt,4245,920fa3d0331566d0e411173b170d43a44b09407458626b48d994c2731d3f1ab3
proverif_models/results_timing/tamarin_M2_rep04.txt,4245,920fa3d0331566d0e411173b170d43a44b09407458626b48d994c2731d3f1ab3
proverif_models/results_timing/tamarin_M2_rep05.txt,4245,920fa3d0331566d0e411173b170d43a44b09407458626b48d994c2731d3f1ab3
proverif_models/results_timing/tamarin_M2_rep06.txt,4245,3e74aedd8db49163a7c0b04866dcaa92a7f3f4f42edeab0e26651ae5705187a1
proverif_models/results_timing/tamarin_M2_rep07.txt,4245,920fa3d0331566d0e411173b170d43a44b09407458626b48d994c2731d3f1ab3
proverif_models/results_timing/tamarin_M2_rep08.txt,4245,f5ee0f12a01f8d6fdbac01192ff684f398e01497dcb254e7dc49cfe078ff5eb6
proverif_models/results_timing/tamarin_M2_rep09.txt,4245,920fa3d0331566d0e411173b170d43a44b09407458626b48d994c2731d3f1ab3
proverif_models/results_timing/tamarin_M2_rep10.txt,4245,920fa3d0331566d0e411173b170d43a44b09407458626b48d994c2731d3f1ab3
proverif_models/results_timing/tamarin_M3_rep01.txt,4168,a06af9ef55f62f8c5b9e09afbadfc4ab3cb82f830829c4701f3a52c9b6665da9
proverif_models/results_timing/tamarin_M3_rep02.txt,4168,a06af9ef55f62f8c5b9e09afbadfc4ab3cb82f830829c4701f3a52c9b6665da9
proverif_models/results_timing/tamarin_M3_rep03.txt,4168,e316144a4709d9c538e22b2f1dff7a53371175fb63aa89b822975fc9b1529f0f
proverif_models/results_timing/tamarin_M3_rep04.txt,4168,a06af9ef55f62f8c5b9e09afbadfc4ab3cb82f830829c4701f3a52c9b6665da9
proverif_models/results_timing/tamarin_M3_rep05.txt,4168,e316144a4709d9c538e22b2f1dff7a53371175fb63aa89b822975fc9b1529f0f
proverif_models/results_timing/tamarin_M3_rep06.txt,4168,c33ed13d032fba8bea4aed7b39eee1ed41137e8833ab76d5e0da9bf477c6ae0b
proverif_models/results_timing/tamarin_M3_rep07.txt,4168,5f9ecef5b7efff78e3d2763603d1eca1511e4ba3356db93a0d592bdf759207d1
proverif_models/results_timing/tamarin_M3_rep08.txt,4168,e316144a4709d9c538e22b2f1dff7a53371175fb63aa89b822975fc9b1529f0f
proverif_models/results_timing/tamarin_M3_rep09.txt,4168,a06af9ef55f62f8c5b9e09afbadfc4ab3cb82f830829c4701f3a52c9b6665da9
proverif_models/results_timing/tamarin_M3_rep10.txt,4168,a06af9ef55f62f8c5b9e09afbadfc4ab3cb82f830829c4701f3a52c9b6665da9
proverif_models/results_timing/tamarin_M4_rep01.txt,3035,157dbd316b0207c87e88336ee0c85d042b98151ad77734ead2a127722fbd8c62
proverif_models/results_timing/tamarin_M4_rep02.txt,3035,c28e0f48adc2281536e5ada51c3ea8d87de6fa9bd10f387658f4739996fa2d06
proverif_models/results_timing/tamarin_M4_rep03.txt,3035,c28e0f48adc2281536e5ada51c3ea8d87de6fa9bd10f387658f4739996fa2d06
proverif_models/results_timing/tamarin_M4_rep04.txt,3035,c28e0f48adc2281536e5ada51c3ea8d87de6fa9bd10f387658f4739996fa2d06
proverif_models/results_timing/tamarin_M4_rep05.txt,3035,c28e0f48adc2281536e5ada51c3ea8d87de6fa9bd10f387658f4739996fa2d06
proverif_models/results_timing/tamarin_M4_rep06.txt,3035,c28e0f48adc2281536e5ada51c3ea8d87de6fa9bd10f387658f4739996fa2d06
proverif_models/results_timing/tamarin_M4_rep07.txt,3035,d33cd06bed917abe9c21c7e37565002a884297731162ef87fd940cd2564e19e7
proverif_models/results_timing/tamarin_M4_rep08.txt,3035,d33cd06bed917abe9c21c7e37565002a884297731162ef87fd940cd2564e19e7
proverif_models/results_timing/tamarin_M4_rep09.txt,3035,d33cd06bed917abe9c21c7e37565002a884297731162ef87fd940cd2564e19e7
proverif_models/results_timing/tamarin_M4_rep10.txt,3035,d33cd06bed917abe9c21c7e37565002a884297731162ef87fd940cd2564e19e7
proverif_models/results_timing/tamarin_M5_rep01.txt,3073,dd6ce11d4d15c7eab41e775c7effc9dd2247e133598c62502c657bf5fef71860
proverif_models/results_timing/tamarin_M5_rep02.txt,3073,02c566b12858eeda38b3b85e0b3d26e7008eb755fcd5e54fb2125cb1347f469e
proverif_models/results_timing/tamarin_M5_rep03.txt,3073,02c566b12858eeda38b3b85e0b3d26e7008eb755fcd5e54fb2125cb1347f469e
proverif_models/results_timing/tamarin_M5_rep04.txt,3073,02c566b12858eeda38b3b85e0b3d26e7008eb755fcd5e54fb2125cb1347f469e
proverif_models/results_timing/tamarin_M5_rep05.txt,3073,b0bc0ff006bf3ffb38e4aa2fe693ecc5d30926eb4060b29701f1591dfe0de5d2
proverif_models/results_timing/tamarin_M5_rep06.txt,3073,dd6ce11d4d15c7eab41e775c7effc9dd2247e133598c62502c657bf5fef71860
proverif_models/results_timing/tamarin_M5_rep07.txt,3073,b0bc0ff006bf3ffb38e4aa2fe693ecc5d30926eb4060b29701f1591dfe0de5d2
proverif_models/results_timing/tamarin_M5_rep08.txt,3073,dd6ce11d4d15c7eab41e775c7effc9dd2247e133598c62502c657bf5fef71860
proverif_models/results_timing/tamarin_M5_rep09.txt,3073,dd6ce11d4d15c7eab41e775c7effc9dd2247e133598c62502c657bf5fef71860
proverif_models/results_timing/tamarin_M5_rep10.txt,3073,a4d9a2d3c6830968d56c5acecd902b009796fbb9fff4d3124a2f6491e5e2b8d5
proverif_models/results_timing/tamarin_M6_rep01.txt,3221,d4608a66a1f636ceb09447d614d017d6337fdb9310c601d2594342ff605fe8df
proverif_models/results_timing/tamarin_M6_rep02.txt,3221,d4608a66a1f636ceb09447d614d017d6337fdb9310c601d2594342ff605fe8df
proverif_models/results_timing/tamarin_M6_rep03.txt,3221,f4efb7d2df477f827e5727762815e628f101ce49ae17b62ca8eea18bc123ee6e
proverif_models/results_timing/tamarin_M6_rep04.txt,3221,f4efb7d2df477f827e5727762815e628f101ce49ae17b62ca8eea18bc123ee6e
proverif_models/results_timing/tamarin_M6_rep05.txt,3221,f4efb7d2df477f827e5727762815e628f101ce49ae17b62ca8eea18bc123ee6e
proverif_models/results_timing/tamarin_M6_rep06.txt,3221,d4608a66a1f636ceb09447d614d017d6337fdb9310c601d2594342ff605fe8df
proverif_models/results_timing/tamarin_M6_rep07.txt,3221,f4efb7d2df477f827e5727762815e628f101ce49ae17b62ca8eea18bc123ee6e
proverif_models/results_timing/tamarin_M6_rep08.txt,3221,1e9684e2554b09d31ade8645fd446b6b40fa8f0bcb4b9366b87495d11fd20a4f
proverif_models/results_timing/tamarin_M6_rep09.txt,3221,f4efb7d2df477f827e5727762815e628f101ce49ae17b62ca8eea18bc123ee6e
proverif_models/results_timing/tamarin_M6_rep10.txt,3221,d4608a66a1f636ceb09447d614d017d6337fdb9310c601d2594342ff605fe8df
proverif_models/run_ablation_and_timing.py,12479,293c3c7a1fb3ebfd30bfe2d79e882848a6c860c3d00aea6df68dbcb038d181df
proverif_models/run_all.sh,1277,436c009a5086d791c0ace81a92d8c3b85645e7910e9c1f8f3ee4aa5cb7237caa
proverif_models/run_all_tools.sh,5308,ccfca70f2739568b8a82c939cb69a4ba9d35a0a8f70442173ee3b62ecdefb866
proverif_models/run_published_protocols.sh,1767,aad3115c996e7d59f91a8a298d33508168e92782035c84cb7e9a08dd71e19fd2
proverif_models/scyther_models/M1_certificate_based_ECDHE.spdl,760,af61a8055c83b5b83ccf5f199eb125a9121737a8658a25e81ce0731449e1bf6e
proverif_models/scyther_models/M2_IBS_blockchain.spdl,1076,c0e91e7278cd3910f24083cf43098a1cbec0822f5c8979da02e7d617be5409c3
proverif_models/scyther_models/M3_certificateless_AKA.spdl,931,fae8dad537ebd89e91768888d44c89635ad606394df512300a5ef5d9ceba8b9f
proverif_models/scyther_models/M4_blockchain_pseudonym_abstract.spdl,759,dbbed15e3f2fd0e07a04b9d548300666f8950cbe5347c46b25338e45e6a41918
proverif_models/scyther_models/M5_PUF_keyestab_abstract.spdl,798,9849fedaec60a0bd601b826354de61c326d56785d4c45ed58b458dcc41869785
proverif_models/scyther_models/M6_anonymous_ZKP_abstract.spdl,761,a9fd52c1d7d2456f681772e8186661be9e15c8d5ef995621ae266bb077b4a071
proverif_models/setup_and_run_proverif.sh,20416,79dd2b27146b5d2e633f4069e5710bac1249fd2563492cca5fe32bbe63490328
proverif_models/supplement_S3_logs/README.md,1581,4097278d76f22e6d3cc57b1bca56da1fdc20a4389922e4a7f89e8d64cf57142a
proverif_models/supplement_S3_logs/S3_ABLATION_FULL_LOGS.txt,35299,76510772f695915d138b9178d6be9d91b14a21ca1bbbda04cd3d8c4ce4528037
proverif_models/supplement_S3_logs/S3_ABLATION_LOG_MANIFEST.csv,4562,5b4c8cbca407522f4a2de0290cc47f2f86c4212621e5ab1bc9e1b011a3e5e925
proverif_models/supplement_S3_logs/S3_ABLATION_QUANTITATIVE_ANALYSIS.csv,2411,055e4e8dcd7877a6a4bb7b9ec2ee7225ea4a68ceba28ada1e0fc74adc4464a36
proverif_models/supplement_S3_logs/S3_GENERATION_NOTE.json,489,91f188c7935f2554b0d93513dc1424c3f58e0f3e6ea53fa9eb023debfcf30688
proverif_models/supplement_S3_logs/S3_HANDSHAKE_BYTE_ACCOUNTING.csv,1106,f33b5e24f6e5e2247ad7d028ad0ef396ecb5f70a5a759847bf2f4061cc7824ff
proverif_models/supplement_S3_logs/S3_MODEL_VALIDITY_STATUS.csv,1883,c4e7ce499957ade3cafe919c174d7564e1879bacfe19e56d222774b4d28826d7
proverif_models/supplement_S3_logs/S3_SHA256SUMS.csv,841,818fadb867b51d3f835be6ac5417e4a84116dc5e9d33f600a209b4c3103eda21
proverif_models/supplement_S3_logs/S3_TOOL_METRIC_FRAMEWORK.csv,1741,b2547d1ccdd96371018ffc2f6c0a8e6d4a914234d0694b663430374935f6242b
proverif_models/supplement_S5_theory_derivations/S5_COMPLEXITY_DERIVATION.csv,1516,9d2a51004133be7f14f4f23121d66b6caeb71a8a0ac593d0008a21a165eefc58
proverif_models/supplement_S5_theory_derivations/S5_MODEL_THEORY_OBLIGATIONS.csv,1685,e58bf1bd15956f324524759d24ce7933c325c0a81c4a2ff6b6636329be1119d3
proverif_models/supplement_S5_theory_derivations/S5_THEORY_DERIVATION.md,4829,2ed621590451f45868dd994e27cf436fab009f9d67326baaedc5fb985f7a16fd
proverif_models/tamarin_models/M1_certificate_based_ECDHE.spthy,1183,a546dd7e9d331cb8ca03a3c97455a71a395cb3023eed91fff2fc921acfc224b2
proverif_models/tamarin_models/M2_IBS_blockchain.spthy,1336,753637465c39d2d58f24c253e7633cb1ee29b0092343b6665fdc77783db49568
proverif_models/tamarin_models/M3_certificateless_AKA.spthy,1359,ea89d76252644d3662131077b4d75328dab248f4d3aa7ca18ee64b216fe6f339
proverif_models/tamarin_models/M4_blockchain_pseudonym_abstract.spthy,992,4b7049b8f8740d62de80bbf833b3b5ccda816da8dca4347f92630eb8a647598f
proverif_models/tamarin_models/M5_PUF_keyestab_abstract.spthy,941,9680381922dd9b8787a869f878ca4cfbb1e3ff5298b25b92a535645d2c943f44
proverif_models/tamarin_models/M6_anonymous_ZKP_abstract.spthy,1022,da7519ea7f70a3ecb28404eff2d2af3a8d94a4f863b64398e5ee2198872340ff
requirements-figures.txt,34,ec090d20bf7dfadb7b0dc31e0e5ccf5e6ae7f646cc83cd3d376bed6061070503
scripts/generate_v15_figures.py,10856,8c9a81ec2d030078d1530f5a897820899f66acd6602aa8cb551c40bab31a275b
scripts/paperid_ref_mapping_v15_3E_137refs.csv,21720,323f5da01647cde6ec73ef654aec284a88e3db580d868e041900b1e7a2c7f523
scripts/rebuild_manifest.py,1022,50898f740a0a24946256f256eb4167e6cf609f73942c4e3b09fc328dedc4848a
scripts/release_inventory.py,1072,b5aae5f4ab0a1922d752437e60be175b579fd856cdeadb311ec7dd7f68986f3b
scripts/validate_public_release.py,5080,abf68544879dbce0623dc7be24b6f4b7a600376bf0c3c518186595733e43b41a
scripts/validate_v15_3d_codex.py,1860,5ba2002def68bd518e42a448349326f4e27920f036f91f21b4d4eaceb004f80c
validation/20260712_3D_excluded_5_codex_validated.csv,3560,f5650927cfad3629082519c28a04353c5cba488b5596ce6546bf47955fb848a3
validation/20260712_3D_family_corrections_4.csv,1125,9929ba5735d78ea002720aaf323c01b1a725b0ae24e75639a56b88b7cb3a90b3
validation/20260712_3D_master_included_109_codex_validated.csv,70570,9181b6449ee0248c5b5e6e26948ab4b3cedc53daf11e6118ac35b6ea4c5db0a9
validation/20260712_v15_3d_validation_report.md,515,9db336fe226615814aef9d53e7d10e24ac29bb570dd82ed6c418b68ffa67b600
validation/20260720_EVIDENCE_VENUE_CORRECTIONS.csv,5190,9bb6da5552a6fa097c6dfb99ad8f31d791c0cba13edcf98462ddd375f1998b09
validation/20260720_FINAL_EVIDENCE_VENUE_VALIDATION_REPORT.md,1159,b7b95877bc1388ae493c105079d05f29f2882016765505b410cc8adf9cf62929
validation/20260720_FINAL_STATISTICAL_SUMMARY.json,2493,59ecdbe9e8427e384ccb7ac32522d2a11f73bd9a1a3975c8accf3053937fcd0b
validation/VALIDATED_SUMMARY.json,1024,33b677413fd4fac57d3345e78df212348cc7c84c216cbaf3dd2b729907951a66
