path,sha256
README.md,c00aef306ef5f87f6c5143c09a2012e9eb5372011df68ceb3b46fb6b9e559ca8
S3_ABLATION_FULL_LOGS.txt,1a6e57cd292afb747b17d534af82b515104b1fa7b64801fac4fcec295b15dde8
S3_ABLATION_FULL_LOGS.zip,1828af5f579470c297a67da1b1ecc2c26b58c7a24277955847816903e94dc912
S3_ABLATION_LOG_MANIFEST.csv,bcc3c79a2763504fb2b04ef8efd43a0eef4852a506897f28ff3585e5ba4d41df
S3_ABLATION_QUANTITATIVE_ANALYSIS.csv,0289b69f86a1d1d72dbfdddde0694aca616e98baedb0af2ce7528be7ee525e93
S3_GENERATION_NOTE.json,d73fa7a66d63fdc74c1b1f2a4bd9960b716257b5bb529172f98ea1ab69cc0789
S3_HANDSHAKE_BYTE_ACCOUNTING.csv,e7bc64a1a49e2c3a5d8f63f9bc94a6680d7a1a572ed79cdf72c6bd117dd65785
S3_MODEL_VALIDITY_STATUS.csv,c4e7ce499957ade3cafe919c174d7564e1879bacfe19e56d222774b4d28826d7
S3_TOOL_METRIC_FRAMEWORK.csv,b2547d1ccdd96371018ffc2f6c0a8e6d4a914234d0694b663430374935f6242b
