paper_id,ref_number,title,research_scenario,domains,core_technology,relevance_status,primary_family,deployment_crosscutting_facets
P224,29,Toward Cross-Domain Dynamic Accumulator Authentication Based on Blockchain in Internet of Things,IoT_general; smart_grid_energy,IoT; Smart grid/energy,blockchain_assisted; bilinear_pairing; dynamic_accumulator,include_primary,Other/classical-general,ledger-present; privacy/anonymity-layer
P140,30,A distributed identity management and cross-domain authentication scheme for the Internet of Things,IoT_general; IoV_VANET; edge_fog_cloud,IoT; IoV/VANET,blockchain_assisted; consortium_private_chain; smart_contract; PKI_CA; dynamic_accumulator,include_primary,Ledger-mediated trust,ledger-present
P216,31,PQ-BCDA A post-quantum blockchain based cross-domain authentication scheme for Internet of Things,IIoT; IoT_general; IoMT_healthcare; edge_fog_cloud,IIoT; IoT; Healthcare/IoMT,blockchain_assisted; consortium_private_chain; smart_contract; PKI_CA; ECC; hash_MAC; post_quantum_lattice,include_primary,Post-quantum,ledger-present
P186,32,DCAGS-IoT Dynamic Cross-Domain Authentication Scheme Using Group Signature in IoT,IoT_general,IoT,group_ring_signature,include_primary,Group-/ring-signature,privacy/anonymity-layer; no-ledger
P130,33,A Blockchain-Based Cross-Domain Authentication Management System for IoT Devices,IIoT; IoT_general,IIoT; IoT,blockchain_assisted; smart_contract; PKI_CA,include_primary,Ledger-mediated trust,ledger-present
P134,34,A Certificate Authority Domain-based Cross-domain Authentication Scheme for Virtual Enterprise Using Identity Based Encryption,UAV_FANET_IoD; smart_city,UAV/FANET/IoD; Smart city,PKI_CA; ECC; bilinear_pairing; hash_MAC; identity_based_cryptography,include_primary,Other/classical-general,privacy/anonymity-layer; no-ledger
P152,35,A Privacy-Aware Cross-Domain Device Authentication Scheme for IIoT Based on Blockchain,IIoT; IoT_general; IoV_VANET; UAV_FANET_IoD; smart_city; edge_fog_cloud,IIoT; IoT; IoV/VANET; UAV/FANET/IoD; Smart city,blockchain_assisted; certificateless_certificate_free; group_ring_signature; dynamic_accumulator,include_primary,Certificateless split-key,ledger-present; privacy/anonymity-layer
P156,36,A Trusted IoT Communication Architecture Based on Blockchain and Named Data Network,IoT_general; edge_fog_cloud; NDN,IoT; Edge/Fog/Cloud; NDN,blockchain_assisted; consortium_private_chain; PKI_CA; ECC,include_primary,Ledger-mediated trust,ledger-present
P202,37,Hybrid-Blockchain-Based Cross-Domain Authentication for Internet of Marine Things,IoT_general; IoMT_healthcare; smart_city; marine_IoM,IoT; Edge/Fog/Cloud; Healthcare/IoMT; Smart city; Marine/IoM,blockchain_assisted; consortium_private_chain; PKI_CA; ECC; hash_MAC,include_primary,Ledger-mediated trust,ledger-present; multi-ledger; privacy/anonymity-layer
P164,38,BCEDAS A Blockchain and Chameleon Hash-Based Efficient Decentralized Authentication Scheme for Internet of Vehicles With Multi-Scenario,IoV_VANET,IoV/VANET,blockchain_assisted; smart_contract; certificateless_certificate_free; ECC; bilinear_pairing; hash_MAC; PUF; zero_knowledge; chameleon_hash,include_primary,Ledger-mediated trust,ledger-present
P176,39,Blockchain-Empowered Decentralized Horizontal Federated Learning for 5G-Enabled UAVs,IIoT; IoT_general; IoV_VANET; UAV_FANET_IoD; IoMT_healthcare,IIoT; IoT; IoV/VANET; UAV/FANET/IoD; Healthcare/IoMT,blockchain_assisted; consortium_private_chain; smart_contract; federated_learning,include_primary,Ledger-mediated trust,ledger-present
P173,40,Blockchain-Based Cross-Domain Authentication for Intelligent 5G-Enabled Internet of Drones,IIoT; IoT_general; IoV_VANET; UAV_FANET_IoD; edge_fog_cloud,IIoT; IoT; IoV/VANET; UAV/FANET/IoD,blockchain_assisted; consortium_private_chain; smart_contract; PKI_CA; certificateless_certificate_free,include_primary,Ledger-mediated trust,ledger-present
P200,41,Federated Hierarchical Trust-Based Interaction Scheme for Cross-Domain Industrial IoT,IIoT; IoT_general; IoV_VANET; edge_fog_cloud,IIoT; IoT; IoV/VANET,blockchain_assisted; consortium_private_chain; smart_contract; multi_chain_cross_chain; PUF; zero_knowledge; federated_learning,include_primary,Ledger-mediated trust,ledger-present; multi-ledger
P113,42,Blockchain-Based Cross-Domain Authentication With Dynamic Domain Participation in IoT,IIoT; IoT_general; UAV_FANET_IoD; IoMT_healthcare; smart_city; edge_fog_cloud,IIoT; IoT; UAV/FANET/IoD; Healthcare/IoMT; Smart city,blockchain_assisted; consortium_private_chain; PKI_CA; bilinear_pairing,include_primary,Ledger-mediated trust,ledger-present; privacy/anonymity-layer
P159,43,An Efficient Consensus Algorithm for Blockchain-Based Cross-Domain Authentication in Bandwidth-Constrained Wide-Area IoT Networks,IoT_general; UAV_FANET_IoD,IoT; UAV/FANET/IoD; Edge/Fog/Cloud,blockchain_assisted; consortium_private_chain; multi_chain_cross_chain; PKI_CA; dynamic_accumulator; federated_learning,include_primary,Ledger-mediated trust,ledger-present; multi-ledger
P168,44,BLECA A Blockchain-Based Lightweight and Efficient Cross-Domain Authentication Scheme for Smart Parks,IoT_general; UAV_FANET_IoD; IoMT_healthcare; smart_city; edge_fog_cloud,IoT; UAV/FANET/IoD; Healthcare/IoMT; Smart city,blockchain_assisted; consortium_private_chain; smart_contract; PKI_CA,include_primary,Ledger-mediated trust,ledger-present
P201,45,Hybrid blockchain-based many-to-many cross-domain authentication scheme for smart agriculture IoT networks,IoT_general; edge_fog_cloud,IoT,blockchain_assisted; PKI_CA; certificateless_certificate_free; identity_based_cryptography,include_primary,Certificateless split-key,ledger-present; multi-ledger; privacy/anonymity-layer
P116,46,Bridge of Trust Cross Domain Authentication for Industrial Internet of Things (IIoT) Blockchain over Transport Layer Security (TLS),IIoT; IoT_general,IIoT; IoT,blockchain_assisted,include_primary,Ledger-mediated trust,ledger-present
P102,47,CCAP A Complete Cross-Domain Authentication Based on Blockchain for Internet of Things,IoT_general; IoV_VANET; IoMT_healthcare; smart_city; edge_fog_cloud,IoT; IoV/VANET; Healthcare/IoMT; Smart city,blockchain_assisted; consortium_private_chain; smart_contract; PKI_CA; certificateless_certificate_free; hash_MAC; group_ring_signature; zero_knowledge,include_primary,Ledger-mediated trust,ledger-present
P185,48,Cross-domain secure communication scheme in industrial internet of things based on consortium blockchain,IIoT; IoT_general,IIoT; IoT,blockchain_assisted; consortium_private_chain; smart_contract; PKI_CA; ECC,include_primary,Ledger-mediated trust,ledger-present
P193,49,Efficient and Anonymous Cross-Domain Authentication for IIoT Based on Blockchain,IIoT; IoT_general; IoV_VANET; IoMT_healthcare; smart_city,IIoT; IoT; IoV/VANET; Healthcare/IoMT; Smart city,blockchain_assisted; consortium_private_chain; smart_contract; PKI_CA; hash_MAC; dynamic_accumulator,include_primary,Ledger-mediated trust,ledger-present; privacy/anonymity-layer
P153,50,A Privacy-Preserving Cross-Domain Authentication and Key Agreement Scheme via Multiblockchains for Smart Cities,IIoT; IoT_general; IoV_VANET; IoMT_healthcare; smart_city,IIoT; IoT; IoV/VANET; Edge/Fog/Cloud; Healthcare/IoMT; Smart city,blockchain_assisted; consortium_private_chain; hierarchical_master_slave_chain; ECC,include_primary,Ledger-mediated trust,ledger-present; multi-ledger; privacy/anonymity-layer
P112,51,Authentication Technology in Internet of Things and Privacy Security Issues in Typical Application Scenarios,IIoT; IoT_general; IoV_VANET; smart_city,IIoT; IoT; IoV/VANET; Smart city,blockchain_assisted; federated_learning,include_primary,Ledger-mediated trust,ledger-present; privacy/anonymity-layer
P132,52,A Blockchain-Based Multi-CA Cross-Domain Authentication Scheme in Decentralized Autonomous Network,IoT_general; IoV_VANET; edge_fog_cloud,IoT; IoV/VANET; Edge/Fog/Cloud,blockchain_assisted; consortium_private_chain; smart_contract; PKI_CA; certificateless_certificate_free; ECC; dynamic_accumulator,include_primary,Ledger-mediated trust,ledger-present
P223,53,Secure Cross-Domain Authentication and Data Sharing Scheme for IIoT in Cloud-Fog Automation Architecture,IIoT; IoT_general; edge_fog_cloud,IIoT; IoT; Edge/Fog/Cloud,blockchain_assisted; consortium_private_chain; PKI_CA; certificateless_certificate_free; bilinear_pairing; zero_knowledge; dynamic_accumulator; proxy_re_signature,include_primary,Ledger-mediated trust,ledger-present; edge/fog-mediated; privacy/anonymity-layer
P191,54,Dynamic Time-Bound Anonymous Complete Cross-Domain Authentication Scheme for IoT,IIoT; IoT_general; smart_grid_energy; edge_fog_cloud,IIoT; IoT; Smart grid/energy,blockchain_assisted; consortium_private_chain; smart_contract; certificateless_certificate_free; ECC; zero_knowledge; dynamic_accumulator; proxy_re_signature,include_primary,Ledger-mediated trust,ledger-present; privacy/anonymity-layer
P136,55,A Certificateless-Based Authentication and Key Agreement Scheme for IIoT Cross-Domain,IIoT; IoT_general; edge_fog_cloud,IIoT; IoT,blockchain_assisted; consortium_private_chain; certificateless_certificate_free; ECC; bilinear_pairing; hash_MAC,include_primary,Ledger-mediated trust,ledger-present
P051,56,DynaTrac A Decentralized Cross-Domain Authentication Framework With Dynamic Reputation Weighting and Accountable Tracing,IIoT; IoT_general; edge_fog_cloud,IIoT; IoT,blockchain_assisted; consortium_private_chain; PKI_CA; certificateless_certificate_free; zero_knowledge; dynamic_accumulator; identity_based_cryptography,include_primary,Ledger-mediated trust,ledger-present
P161,57,BAT-CA A Blockchain-Based Anonymous and Traceable Cross-Domain Authentication Approach for Interner of Things,IIoT; IoT_general; IoV_VANET; UAV_FANET_IoD; smart_city,IIoT; IoT; IoV/VANET; UAV/FANET/IoD; Smart city,blockchain_assisted; consortium_private_chain; PKI_CA; ECC; PUF; zero_knowledge; identity_based_cryptography,include_primary,Ledger-mediated trust,ledger-present; edge/fog-mediated; privacy/anonymity-layer
P194,58,Efficient and Privacy-preserving Blockchain-based Multi-factor Device Authentication Protocol for Cross-domain IIoT,IIoT; IoT_general; IoMT_healthcare,IIoT; IoT; Healthcare/IoMT,blockchain_assisted; smart_contract; ECC; PUF; dynamic_accumulator,include_primary,Ledger-mediated trust,ledger-present; privacy/anonymity-layer
P145,59,A Lightweight Authentication Scheme Based on Consortium Blockchain for Cross-Domain IoT,IIoT; IoT_general; IoV_VANET; IoMT_healthcare,IIoT; IoT; IoV/VANET; Healthcare/IoMT,blockchain_assisted; consortium_private_chain; multi_chain_cross_chain; PKI_CA; ECC,include_primary,Ledger-mediated trust,ledger-present; multi-ledger
P120,60,A Lightweight Authentication Method for Industrial Internet of Things Based on Blockchain and Chebyshev Chaotic Maps,IIoT; IoT_general; IoV_VANET; edge_fog_cloud,IIoT; IoT; IoV/VANET; Edge/Fog/Cloud,blockchain_assisted; smart_contract; PKI_CA; certificateless_certificate_free; ECC; bilinear_pairing; zero_knowledge,include_primary,Ledger-mediated trust,ledger-present
P167,61,BEPHAP A Blockchain-based Efficient Privacy-Preserving Handover Authentication Protocol with key agreement for Internet of Vehicles,IoV_VANET,IoV/VANET,blockchain_assisted; hash_MAC; group_ring_signature; chameleon_hash,include_primary,Ledger-mediated trust,ledger-present; privacy/anonymity-layer
P172,62,Blockchain-Based Certificate-Free Cross-Domain Authentication Mechanism for Industrial Internet,IoT_general; edge_fog_cloud,IoT,blockchain_assisted; consortium_private_chain; smart_contract; PKI_CA; certificateless_certificate_free; bilinear_pairing; hash_MAC,include_primary,Ledger-mediated trust,ledger-present
P183,63,Cross-domain identity authentication scheme based on blockchain and PKI system,IoT_general; IoV_VANET; smart_city; digital_twin,IoT; IoV/VANET; Smart city; Digital twin,blockchain_assisted; consortium_private_chain; smart_contract; PKI_CA,include_primary,Ledger-mediated trust,ledger-present
P213,64,Optimizing Scalable Storage for Blockchain-Based IoT Cross-Domain Authentication,IoT_general; IoV_VANET; UAV_FANET_IoD; smart_city,IoT; IoV/VANET; UAV/FANET/IoD; Smart city,blockchain_assisted; consortium_private_chain; PKI_CA,include_primary,Ledger-mediated trust,ledger-present
P222,65,SE-CAS Secure and Efficient Cross-Domain Authentication Scheme Based on Blockchain for Space TT&C Networks,IoT_general; UAV_FANET_IoD,IoT; UAV/FANET/IoD,blockchain_assisted; PKI_CA; ECC; hash_MAC; group_ring_signature,include_primary,Ledger-mediated trust,ledger-present; privacy/anonymity-layer
P125,66,Split-Chain-Based Efficient Blockchain-Assisted Cross-Domain Authentication for IoT,IoT_general,IoT,blockchain_assisted; consortium_private_chain; PKI_CA,include_primary,Ledger-mediated trust,ledger-present; multi-ledger
P221,67,Scalable Storage Optimization for Blockchain-Based Cross-Domain Authentication in IoT,IoT_general; smart_city; edge_fog_cloud,IoT; Smart city,blockchain_assisted; consortium_private_chain; PKI_CA,include_primary,Ledger-mediated trust,ledger-present
P187,68,Distributed Cross-Domain Anonymous Authentication Scheme in Internet of Things,IIoT; IoT_general; IoV_VANET; IoMT_healthcare; edge_fog_cloud,IIoT; IoT; IoV/VANET; Edge/Fog/Cloud; Healthcare/IoMT,blockchain_assisted; smart_contract; PKI_CA; certificateless_certificate_free; ECC; bilinear_pairing; zero_knowledge,include_primary,Other/classical-general,no-ledger; distributed-threshold; privacy/anonymity-layer
P124,69,Research on an Efficient Cross-Domain Authentication Scheme that is Based on Blockchain and Edge Computing,IoT_general; edge_fog_cloud,IoT; Edge/Fog/Cloud,blockchain_assisted; PKI_CA; certificateless_certificate_free; ECC; bilinear_pairing; hash_MAC,include_primary,Certificateless split-key,ledger-present; edge/fog-mediated; privacy/anonymity-layer
P175,70,Blockchain-based lightweight trusted data interaction scheme for cross-domain IIoT,IIoT; IoT_general,IIoT; IoT,blockchain_assisted; smart_contract; PKI_CA; hash_MAC; federated_learning,include_primary,Ledger-mediated trust,ledger-present; edge/fog-mediated
P174,71,Blockchain-Based Lightweight Message Authentication for Edge-Assisted Cross-Domain Industrial Internet of Things,IIoT; IoT_general; IoMT_healthcare; edge_fog_cloud,IIoT; IoT; Edge/Fog/Cloud; Healthcare/IoMT,blockchain_assisted; consortium_private_chain; ECC; group_ring_signature,include_primary,Ledger-mediated trust,ledger-present; edge/fog-mediated; privacy/anonymity-layer
P133,72,A Blockchain-Based Mutual Authentication Scheme for Collaborative Edge Computing,IoT_general; edge_fog_cloud,IoT; Edge/Fog/Cloud,blockchain_assisted; smart_contract; PKI_CA; certificateless_certificate_free; ECC; group_ring_signature,include_primary,Certificateless split-key,ledger-present; edge/fog-mediated; privacy/anonymity-layer
P109,73,A Lightweight Group Authentication Framework for Cross-Domain Internet of Things,IIoT; IoT_general; IoV_VANET; UAV_FANET_IoD; IoMT_healthcare; edge_fog_cloud,IIoT; IoT; IoV/VANET; UAV/FANET/IoD; Edge/Fog/Cloud; Healthcare/IoMT,blockchain_assisted; consortium_private_chain; smart_contract; bilinear_pairing; hash_MAC,include_primary,Ledger-mediated trust,ledger-present; edge/fog-mediated; privacy/anonymity-layer
P118,74,Efficient Blockchain-Based Mutual Authentication and Session Key Agreement for Cross-Domain IIoT,IIoT; IoT_general; UAV_FANET_IoD; edge_fog_cloud,IIoT; IoT; UAV/FANET/IoD; Edge/Fog/Cloud,blockchain_assisted; PKI_CA; ECC,include_primary,Ledger-mediated trust,ledger-present; edge/fog-mediated; privacy/anonymity-layer
P195,75,Efficient hybrid centralized and blockchain-based authentication architecture for heterogeneous IoT systems,IoT_general; IoMT_healthcare; smart_city,IoT; Edge/Fog/Cloud; Healthcare/IoMT; Smart city,blockchain_assisted; PKI_CA; ECC,borderline_review_needed,Ledger-mediated trust,ledger-present; edge/fog-mediated
P166,76,BCPPAS Blockchain-Based Cross-Domain Identity Authentication Scheme for IoT with Privacy Protection,IoT_general; IoV_VANET; UAV_FANET_IoD; IoMT_healthcare; edge_fog_cloud,IoT; IoV/VANET; UAV/FANET/IoD; Healthcare/IoMT,blockchain_assisted; PKI_CA; certificateless_certificate_free; ECC; bilinear_pairing,include_primary,Certificateless split-key,ledger-present; edge/fog-mediated; privacy/anonymity-layer
P162,77,BCAE A Blockchain-Based Cross Domain Authentication Scheme for Edge Computing,IoT_general; IoMT_healthcare; smart_grid_energy; edge_fog_cloud,IoT; Edge/Fog/Cloud; Healthcare/IoMT; Smart grid/energy,blockchain_assisted; PKI_CA; certificateless_certificate_free; ECC; bilinear_pairing,include_primary,Ledger-mediated trust,ledger-present; edge/fog-mediated; privacy/anonymity-layer
P179,78,BTAA Blockchain and TEE-Assisted Authentication for IoT Systems,IoT_general; edge_fog_cloud,IoT,blockchain_assisted; smart_contract; PKI_CA; bilinear_pairing; hash_MAC; TEE,include_primary,Hardware-/device-rooted,ledger-present; edge/fog-mediated; privacy/anonymity-layer
P131,79,A Blockchain-Based Cross-Domain Data Transmission Scheme for Industrial Internet of Things With Edge-Cloud Computing,IIoT; IoT_general; IoV_VANET; edge_fog_cloud,IIoT; IoT; IoV/VANET; Edge/Fog/Cloud,blockchain_assisted; smart_contract; ECC; bilinear_pairing; dynamic_accumulator,include_primary,Ledger-mediated trust,ledger-present; edge/fog-mediated; privacy/anonymity-layer
P135,80,A Certificateless Anonymous Cross-Domain Authentication Scheme Assisted by Blockchain for Internet of Vehicles,IoT_general; IoV_VANET,IoT; IoV/VANET; Edge/Fog/Cloud,blockchain_assisted; PKI_CA; certificateless_certificate_free; bilinear_pairing,include_primary,Certificateless split-key,ledger-present; edge/fog-mediated; privacy/anonymity-layer
P190,81,Dynamic Authentication and Granularized Authorization With Cross-Domain Zero Trust Architecture in Large-Scale IoT Networks,IIoT; IoT_general; smart_city; edge_fog_cloud,IIoT; IoT; Smart city,blockchain_assisted; PKI_CA; ECC; federated_learning; zero_trust,include_primary,Other/classical-general,ledger-present; edge/fog-mediated
P150,82,A New Identity Authentication and Key Agreement Protocol Based on Multi-Layer Blockchain in Edge Computing,IIoT; IoT_general; IoMT_healthcare; smart_grid_energy; smart_city; edge_fog_cloud,IIoT; IoT; Edge/Fog/Cloud; Healthcare/IoMT; Smart grid/energy; Smart city,blockchain_assisted; smart_contract; PKI_CA; ECC; group_ring_signature; dynamic_accumulator,include_primary,Ledger-mediated trust,ledger-present; multi-ledger; edge/fog-mediated; privacy/anonymity-layer
P211,83,LRCDA A Lightweight and Reusable Cross-Domain Authentication Scheme for Industrial IoT Based on Distributed Architecture,IIoT; IoT_general; IoV_VANET; edge_fog_cloud,IIoT; IoT; IoV/VANET; Edge/Fog/Cloud,blockchain_assisted; smart_contract; PKI_CA; ECC; bilinear_pairing; hash_MAC; PUF,include_primary,Other/classical-general,edge/fog-mediated; no-ledger
P192,84,ECroA Efficient Cross-Domain Authentication in Dynamic Digital Twins of Wireless Industrial IoT,IIoT; IoT_general; edge_fog_cloud; digital_twin,IIoT; IoT; Edge/Fog/Cloud; Digital twin,blockchain_assisted; bilinear_pairing; identity_based_cryptography,include_primary,Ledger-mediated trust,ledger-present; edge/fog-mediated; privacy/anonymity-layer
P137,85,A Cross-domain Authentication Scheme Based on Blockchain and Edge Computing,IIoT; IoT_general; UAV_FANET_IoD; edge_fog_cloud,IIoT; IoT; UAV/FANET/IoD; Edge/Fog/Cloud,blockchain_assisted; smart_contract; multi_chain_cross_chain; certificateless_certificate_free; ECC; bilinear_pairing; hash_MAC; dynamic_accumulator; federated_learning,include_primary,Ledger-mediated trust,ledger-present; multi-ledger; edge/fog-mediated; privacy/anonymity-layer
P142,86,A highly reliable cross-domain identity authentication protocol based on blockchain in edge computing environment,IoT_general; UAV_FANET_IoD; IoMT_healthcare; smart_grid_energy; edge_fog_cloud,IoT; UAV/FANET/IoD; Edge/Fog/Cloud; Healthcare/IoMT; Smart grid/energy,blockchain_assisted; consortium_private_chain; smart_contract; PKI_CA; certificateless_certificate_free; ECC; bilinear_pairing,include_primary,Ledger-mediated trust,ledger-present; edge/fog-mediated
P208,87,Lightweight Cross-Domain Authentication Scheme for Securing Wireless IoT Devices Using Backscatter Communication,IoT_general; UAV_FANET_IoD; IoMT_healthcare,IoT; UAV/FANET/IoD; Healthcare/IoMT,PKI_CA; federated_learning,include_primary,Other/classical-general,edge/fog-mediated; privacy/anonymity-layer; no-ledger
P210,88,LightweightAttribute-BasedCross-Domain AuthenticationforPowerIoT withEdgeComputingIntegration,IIoT; IoT_general; smart_grid_energy; edge_fog_cloud,IIoT; IoT; Edge/Fog/Cloud; Smart grid/energy,blockchain_assisted; consortium_private_chain; smart_contract; PKI_CA; ECC; bilinear_pairing,include_primary,Other/classical-general,ledger-present; edge/fog-mediated
P217,89,Research on Secure Authentication and Access Control for Device Access Based on Distributed Architecture,IoT_general; UAV_FANET_IoD; edge_fog_cloud,IoT; UAV/FANET/IoD; Edge/Fog/Cloud,blockchain_assisted; consortium_private_chain; smart_contract; zero_knowledge; TEE,include_primary,Zero-knowledge/privacy credential,ledger-present; edge/fog-mediated; privacy/anonymity-layer
P196,90,Efficient Provably Secure Authentication Protocol for Multidomain IIoT Using a Combined Off-Chain and On-Chain Approach,IIoT; IoT_general; UAV_FANET_IoD,IIoT; IoT; UAV/FANET/IoD,blockchain_assisted; ECC; hash_MAC; group_ring_signature; dynamic_accumulator,include_primary,Ledger-mediated trust,ledger-present; privacy/anonymity-layer
P117,91,Chebyshev Polynomial and Private Blockchain Based Cross-Domain Authentication Protocol for IoD Networks,IoT_general; IoV_VANET; UAV_FANET_IoD,IoT; IoV/VANET; UAV/FANET/IoD,blockchain_assisted; consortium_private_chain; smart_contract; PKI_CA; bilinear_pairing; hash_MAC; PUF,include_primary,Hardware-/device-rooted,ledger-present; privacy/anonymity-layer
P165,92,BCPA A Blockchain-Based Cross-Domain Privacy-Preserving Authentication Scheme in Internet of Things Environments,IoT_general; IoV_VANET; edge_fog_cloud,IoT; IoV/VANET,blockchain_assisted; smart_contract; PKI_CA; ECC; bilinear_pairing; PUF,include_primary,Hardware-/device-rooted,ledger-present; privacy/anonymity-layer
P188,93,DKGAuth Blockchain-Assisted Distributed Key Generation and Authentication for Cross-Domain Intelligent IoT,IIoT; IoT_general; IoV_VANET; edge_fog_cloud,IIoT; IoT; IoV/VANET,blockchain_assisted; smart_contract; PKI_CA; ECC; hash_MAC; post_quantum_lattice,include_primary,Ledger-mediated trust,ledger-present
P123,94,Blockchain and PUF-based secure key establishment protocol for cross- domain digital twins in industrial Internet of Things architecture,IIoT; IoT_general; IoMT_healthcare; digital_twin,IIoT; IoT; Healthcare/IoMT; Digital twin,blockchain_assisted; smart_contract; hierarchical_master_slave_chain; PUF; dynamic_accumulator,include_primary,Hardware-/device-rooted,ledger-present; multi-ledger
P151,95,A Post-Quantum Secure Federated Learning Framework for Cross-Domain V2G Authentication,IoT_general; IoV_VANET; smart_grid_energy; edge_fog_cloud,IoT; IoV/VANET; Edge/Fog/Cloud; Smart grid/energy,blockchain_assisted; consortium_private_chain; ECC; bilinear_pairing; PUF; zero_knowledge; federated_learning; post_quantum_lattice,include_primary,Hardware-/device-rooted,ledger-present; edge/fog-mediated; privacy/anonymity-layer
P206,96,LCH-AKA Identity Authentication and Key Agreement Scheme of Lightweight Cross-Domain Heterogeneous Network Based on PUF,IIoT; IoT_general; IoV_VANET; UAV_FANET_IoD; edge_fog_cloud,IIoT; IoT; IoV/VANET; UAV/FANET/IoD; Edge/Fog/Cloud,blockchain_assisted; consortium_private_chain; ECC; hash_MAC; PUF,include_primary,Hardware-/device-rooted,ledger-present
P204,97,LBCM A Scalable and DDoS-Resistant Cross-Domain Authentication Protocol for IIoT Using Chaotic Maps and Merkle Tree,IIoT; IoT_general; edge_fog_cloud; digital_twin,IIoT; IoT; Digital twin,blockchain_assisted; consortium_private_chain; smart_contract; PKI_CA; PUF; zero_knowledge; TEE; zero_trust,include_primary,Other/classical-general,ledger-present
P126,98,CD-AKA-IoV A Provably Secure Cross-Domain Authentication and Key Agreement Protocol for Internet of Vehicle,IoT_general; IoV_VANET; smart_city,IoT; IoV/VANET; Smart city,blockchain_assisted; certificateless_certificate_free; PUF; TEE,include_primary,Hardware-/device-rooted,ledger-present
P205,99,LCDMA Lightweight Cross-Domain Mutual Identity Authentication Scheme for Internet of Things,IoT_general; IoV_VANET; IoMT_healthcare; smart_grid_energy; smart_city,IoT; IoV/VANET; Edge/Fog/Cloud; Healthcare/IoMT; Smart grid/energy; Smart city,blockchain_assisted; ECC; bilinear_pairing; hash_MAC; PUF,include_primary,Other/classical-general,ledger-present; privacy/anonymity-layer
P207,100,Lightweight Blockchain-Enhanced Mutual Authentication Protocol for UAVs,IoT_general; IoV_VANET; UAV_FANET_IoD; edge_fog_cloud,IoT; IoV/VANET; UAV/FANET/IoD; Edge/Fog/Cloud,blockchain_assisted; smart_contract; ECC; bilinear_pairing; hash_MAC,borderline_review_needed,Ledger-mediated trust,ledger-present; privacy/anonymity-layer
P158,101,An anonymous and efficient certificateless signature scheme based on blockchain in NDN-IoT environments,IoT_general; smart_city; edge_fog_cloud; NDN,IoT; Smart city; NDN,blockchain_assisted; smart_contract; certificateless_certificate_free; ECC; bilinear_pairing; identity_based_cryptography,borderline_review_needed,Certificateless split-key,ledger-present; privacy/anonymity-layer
P180,102,CABC A Cross-Domain Authentication Method Combining Blockchain with Certificateless Signature for IIoT☆,IIoT; IoT_general; UAV_FANET_IoD; IoMT_healthcare,IIoT; IoT; UAV/FANET/IoD; Healthcare/IoMT,blockchain_assisted; smart_contract; PKI_CA; certificateless_certificate_free; ECC; bilinear_pairing,include_primary,Certificateless split-key,ledger-present
P122,103,LCC-AKA: Lightweight Certificateless Cross-Domain Authentication Key Agreement Protocol for IoT Devices,IoT_general; IoV_VANET; IoMT_healthcare; smart_grid_energy,IoT; IoV/VANET; Healthcare/IoMT; Smart grid/energy,certificateless_certificate_free; ECC; bilinear_pairing; hash_MAC,include_primary,Certificateless split-key,privacy/anonymity-layer; no-ledger
P147,104,A Lightweight Cross-Domain Direct Identity Authentication Protocol for VANETs,IIoT; IoT_general; IoV_VANET; IoMT_healthcare,IIoT; IoT; IoV/VANET; Healthcare/IoMT,blockchain_assisted; PKI_CA; certificateless_certificate_free; bilinear_pairing; group_ring_signature; zero_knowledge; identity_based_cryptography,include_primary,Certificateless split-key,ledger-present; privacy/anonymity-layer
P171,105,Blockchain-Based C ertificateless Cross-Domain Authentication Scheme in the Industrial Internet of Things,IIoT; IoT_general; IoV_VANET; edge_fog_cloud,IIoT; IoT; IoV/VANET; Edge/Fog/Cloud,blockchain_assisted; PKI_CA; certificateless_certificate_free; ECC; bilinear_pairing,include_primary,Certificateless split-key,ledger-present; privacy/anonymity-layer
P128,106,A Blockchain-Assisted Cross-Domain Authentication and Key Negotiation Scheme in IIoT,IIoT; IoT_general; edge_fog_cloud,IIoT; IoT,blockchain_assisted; PKI_CA; certificateless_certificate_free; ECC,include_primary,Ledger-mediated trust,ledger-present
P199,107,Enhance IoT Security A Blo ckchain and Chameleon Hashing-Based Scheme for Authentication,IIoT; IoT_general; IoV_VANET; edge_fog_cloud,IIoT; IoT; IoV/VANET; Edge/Fog/Cloud,blockchain_assisted; PKI_CA; certificateless_certificate_free; ECC; hash_MAC; group_ring_signature; chameleon_hash,include_primary,Certificateless split-key,ledger-present; privacy/anonymity-layer
P105,108,AAMB a cross-domain identity authentication scheme based on multilayered blockchains in IoMT,IoT_general; IoV_VANET; IoMT_healthcare,IoT; IoV/VANET; Edge/Fog/Cloud; Healthcare/IoMT,blockchain_assisted; consortium_private_chain; smart_contract; multi_chain_cross_chain; PKI_CA; certificateless_certificate_free; ECC; bilinear_pairing; zero_knowledge; dynamic_accumulator,include_primary,Ledger-mediated trust,ledger-present; multi-ledger; privacy/anonymity-layer
P146,109,A Lightweight Blockchain-Based Cross-Domain Authentication and Data Sharing Scheme for the Industrial Internet of Things,IIoT; IoT_general; edge_fog_cloud,IIoT; IoT; Edge/Fog/Cloud,blockchain_assisted; PUF,include_primary,Ledger-mediated trust,ledger-present; privacy/anonymity-layer
P177,110,Blockchain‑based cross‑ domain authentication in a multi‑ domain Internet of drones environment,IIoT; IoT_general; IoV_VANET; UAV_FANET_IoD; smart_grid_energy; edge_fog_cloud,IIoT; IoT; IoV/VANET; UAV/FANET/IoD; Smart grid/energy,blockchain_assisted; consortium_private_chain; PKI_CA; certificateless_certificate_free; ECC; bilinear_pairing,include_primary,Ledger-mediated trust,ledger-present
P219,111,Revocable Certificateless Cross-Domain Authentication Scheme Based on Primary–Secondary Blockchain,scenario_not_explicit,,blockchain_assisted; hierarchical_master_slave_chain; PKI_CA; certificateless_certificate_free; hash_MAC; chameleon_hash; identity_based_cryptography,include_primary,Certificateless split-key,ledger-present; multi-ledger
P220,112,S3 Cross Blockchain-Based Cross-Domain Authentication With Self-Sovereign and Supervised Identity Management,IoT_general,IoT,blockchain_assisted; consortium_private_chain; multi_chain_cross_chain; PKI_CA; group_ring_signature; zero_knowledge; identity_based_cryptography,include_primary,Group-/ring-signature,ledger-present; multi-ledger
P181,113,CABR a cross-domain authentication method combines blockchain and ring signatures,IoT_general; edge_fog_cloud,IoT; Edge/Fog/Cloud,blockchain_assisted; smart_contract; PKI_CA; group_ring_signature; zero_knowledge,include_primary,Group-/ring-signature,ledger-present; edge/fog-mediated; privacy/anonymity-layer
P129,114,A Blockchain-Based Certificateless Anonymous Cross-Domain Authentication Scheme for IoV,IoT_general; IoV_VANET,IoT; IoV/VANET,blockchain_assisted; smart_contract; PKI_CA; certificateless_certificate_free; ECC; group_ring_signature,include_primary,Certificateless split-key,ledger-present; privacy/anonymity-layer
P182,115,Conditionalprivacy-preservingmessageauthenticationschemefor cross-domainIndustrialInternetofThings,IIoT; IoT_general; IoMT_healthcare,IIoT; IoT; Healthcare/IoMT,blockchain_assisted; PKI_CA; certificateless_certificate_free; bilinear_pairing; group_ring_signature,include_primary,Other/classical-general,no-ledger; distributed-threshold; privacy/anonymity-layer
P197,116,Efficient Revocable Cross-Domain Anonymous Authentication Scheme for IIoT,IIoT; IoT_general,IIoT; IoT,blockchain_assisted; bilinear_pairing; hash_MAC; group_ring_signature; zero_knowledge; dynamic_accumulator; chameleon_hash,include_primary,Group-/ring-signature,ledger-present; edge/fog-mediated; privacy/anonymity-layer
P139,117,A Distributed Authentication Scheme Based on Smart Contract for Roaming Service in Mobile Vehicular Networks,IoT_general; IoV_VANET; edge_fog_cloud,IoT; IoV/VANET,blockchain_assisted; smart_contract; PKI_CA,borderline_review_needed,Ledger-mediated trust,ledger-present
P160,118,Anonymous and Traceable A Dynamic Group Signature-Based Cross-Domain Authentication for IIoT,IIoT; IoT_general; edge_fog_cloud,IIoT; IoT,blockchain_assisted; PKI_CA; ECC; bilinear_pairing; hash_MAC; group_ring_signature; zero_knowledge; dynamic_accumulator,include_primary,Group-/ring-signature,ledger-present; edge/fog-mediated; privacy/anonymity-layer
P163,119,BCDAP-DGS Dynamic Group Signature and Batch Cross-Domain Authentication Protocol for Intelligent Transportation,IoT_general; IoV_VANET,IoT; IoV/VANET,blockchain_assisted; PKI_CA; ECC; bilinear_pairing; group_ring_signature; zero_knowledge,include_primary,Group-/ring-signature,ledger-present; edge/fog-mediated; privacy/anonymity-layer
P198,120,"Endogenous Security Formal Definition, Innovation Mechanisms, and Experiment Research in Industrial Internet",IoT_general; edge_fog_cloud,IoT; Edge/Fog/Cloud,blockchain_assisted; smart_contract; zero_knowledge; federated_learning; zero_trust,include_primary,Zero-knowledge/privacy credential,ledger-present; edge/fog-mediated; privacy/anonymity-layer
P189,121,DPCZK Enhancing Device Privacy Through Certificate-Free Encryption and Zero Knowledge Proof in Multi-Domain IoT Environments,IoT_general; IoV_VANET; smart_city; edge_fog_cloud,IoT; IoV/VANET; Smart city,blockchain_assisted; consortium_private_chain; PKI_CA; certificateless_certificate_free; zero_knowledge; identity_based_cryptography,include_primary,Zero-knowledge/privacy credential,ledger-present; edge/fog-mediated; privacy/anonymity-layer
P111,122,An Anonymous Authentication Scheme with Low Overhead for Cross-Domain IoT,IIoT; IoT_general; IoMT_healthcare; edge_fog_cloud,IIoT; IoT; Healthcare/IoMT,blockchain_assisted; PKI_CA; certificateless_certificate_free; bilinear_pairing; zero_knowledge,include_primary,Zero-knowledge/privacy credential,ledger-present; privacy/anonymity-layer
P214,123,PECD-DSIIoT Privacy-enhanced cross-domain data sharing scheme for IIoT,IIoT; IoT_general; IoMT_healthcare; edge_fog_cloud,IIoT; IoT; Edge/Fog/Cloud; Healthcare/IoMT,blockchain_assisted; consortium_private_chain; zero_knowledge,include_primary,Zero-knowledge/privacy credential,ledger-present; edge/fog-mediated; privacy/anonymity-layer
P178,124,BP-AKAA Blockchain-enforcedPrivacy-preservingAuthenticationandKey AgreementandAccessControlforIIoT,IIoT; IoT_general,IIoT; IoT,blockchain_assisted; zero_knowledge,borderline_review_needed,Zero-knowledge/privacy credential,ledger-present; edge/fog-mediated; privacy/anonymity-layer
P184,125,Cross-Domain Identity Authentication Scheme for the IIoT Identification Resolution System Based on Self-Sovereign Identity,IIoT; IoT_general; IoMT_healthcare; smart_city,IIoT; IoT; Healthcare/IoMT; Smart city,blockchain_assisted; smart_contract; bilinear_pairing; zero_knowledge,include_primary,Zero-knowledge/privacy credential,ledger-present; edge/fog-mediated; privacy/anonymity-layer
P170,126,Blockchain-Assisted Transparent Cross-Domain Authorization and Authentication for Smart City,IoT_general; IoV_VANET; IoMT_healthcare; smart_grid_energy; smart_city,IoT; IoV/VANET; Healthcare/IoMT; Smart grid/energy; Smart city,blockchain_assisted; consortium_private_chain; PKI_CA; hash_MAC; zero_knowledge; dynamic_accumulator,include_primary,Zero-knowledge/privacy credential,ledger-present; edge/fog-mediated; privacy/anonymity-layer
P226,127,XAuth Efficient Privacy-preserving Cross-domain Authentication,IoMT_healthcare,Healthcare/IoMT,blockchain_assisted; PKI_CA; zero_knowledge,include_primary,Zero-knowledge/privacy credential,ledger-present; edge/fog-mediated; privacy/anonymity-layer
P148,128,A Multi-Blockchain Based Anonymous Cross-Domain Authentication Scheme for Industrial Internet of Things,IIoT; IoT_general; IoV_VANET; UAV_FANET_IoD; smart_grid_energy; smart_city,IIoT; IoT; IoV/VANET; UAV/FANET/IoD; Smart grid/energy; Smart city,blockchain_assisted; smart_contract; multi_chain_cross_chain; PKI_CA; certificateless_certificate_free; ECC; bilinear_pairing; hash_MAC; PUF; dynamic_accumulator,include_primary,Ledger-mediated trust,ledger-present; multi-ledger; privacy/anonymity-layer
P155,129,A Traceable Cross-Domain Anonymous Authentication Scheme in Industrial Internet of Things,IIoT; IoT_general; IoV_VANET; UAV_FANET_IoD; smart_grid_energy,IIoT; IoT; IoV/VANET; UAV/FANET/IoD; Smart grid/energy,blockchain_assisted; consortium_private_chain; hierarchical_master_slave_chain; PKI_CA; certificateless_certificate_free; ECC; group_ring_signature; dynamic_accumulator; chameleon_hash,include_primary,Ledger-mediated trust,ledger-present; privacy/anonymity-layer
P138,130,A Cross-Domain Authentication Scheme Based on Cooperative Blockchains Functioning With Revocation for Medical Consortiums,IoT_general; IoMT_healthcare; edge_fog_cloud,IoT; Healthcare/IoMT,blockchain_assisted; consortium_private_chain; smart_contract; multi_chain_cross_chain; PKI_CA; certificateless_certificate_free; chameleon_hash,include_primary,Certificateless split-key,ledger-present; multi-ledger
P143,131,A Lightweight and Robust Cross-Domain Authentication Scheme Based on Master-Slave Blockchain,IIoT; IoT_general; UAV_FANET_IoD; IoMT_healthcare; edge_fog_cloud,IIoT; IoT; UAV/FANET/IoD; Healthcare/IoMT,blockchain_assisted; consortium_private_chain; multi_chain_cross_chain; hierarchical_master_slave_chain; PKI_CA; certificateless_certificate_free; ECC; identity_based_cryptography,include_primary,Ledger-mediated trust,ledger-present; multi-ledger
P149,132,A Multi-Blockchain-Based Cross-Domain Authentication and Authorization Scheme for Energy Internet,IoT_general; smart_grid_energy,IoT; Smart grid/energy,blockchain_assisted; consortium_private_chain; smart_contract; multi_chain_cross_chain; PKI_CA,include_primary,Ledger-mediated trust,ledger-present; multi-ledger
P225,133,TrustPIoT Blockchain-based Anonymous Authentication for Cross-Domain Intelligent PIoT,IoT_general; UAV_FANET_IoD; smart_grid_energy,IoT; UAV/FANET/IoD; Smart grid/energy,blockchain_assisted,include_primary,Ledger-mediated trust,ledger-present; privacy/anonymity-layer
P215,134,Post-Quantum Traceable Anonymous Cross-Domain Authentication for Blockchain-Based IoT,IoT_general; IoV_VANET; IoMT_healthcare; edge_fog_cloud,IoT; IoV/VANET; Healthcare/IoMT,blockchain_assisted; consortium_private_chain; certificateless_certificate_free; hash_MAC; dynamic_accumulator; post_quantum_lattice,include_primary,Post-quantum,ledger-present; privacy/anonymity-layer
P227,135,"ZebraCPA Decentralized, Postquantum Conditional Privacy-Preserving Authentication for VANETs via Traceable ZK Ring Signatures",IoT_general; IoV_VANET; edge_fog_cloud,IoT; IoV/VANET,blockchain_assisted; consortium_private_chain; PKI_CA; certificateless_certificate_free; group_ring_signature; zero_knowledge; post_quantum_lattice,include_primary,Post-quantum,ledger-present; privacy/anonymity-layer
P110,136,A Post-Quantum Cross-Domain Authentication Scheme Based on Multi-Chain Architecture,IIoT; IoT_general,IIoT; IoT,blockchain_assisted; consortium_private_chain; smart_contract; multi_chain_cross_chain; PKI_CA; ECC; hash_MAC; post_quantum_lattice; identity_based_cryptography,include_primary,Post-quantum,ledger-present; multi-ledger
P203,137,Lattice-Based Certificateless Proxy Re-Signature for IoT A Computation-and-Storage Optimized Post-Quantum Scheme,IoT_general; IoMT_healthcare,IoT; Healthcare/IoMT,certificateless_certificate_free; group_ring_signature; proxy_re_signature; post_quantum_lattice; identity_based_cryptography,include_primary,Post-quantum,privacy/anonymity-layer; no-ledger
