paper_id,title,doi,corpus_role_original,screening_decision_v15_3E,primary_denominator_contribution,reason,source_route_status,authors,venue,publication_year,volume,issue,pages_or_article_number,publisher,publication_type,bibliographic_metadata_source,bibliographic_metadata_verified_on,contextual_set_change_note
P051,DynaTrac: A Decentralized Cross-Domain Authentication Framework With Dynamic Reputation Weighting and Accountable Tracing,10.1109/jiot.2025.3588990,primary_protocol,include_primary,1,Peer-reviewed 2021-2026 cross-domain authentication or authenticated-key-agreement protocol in scope.,Database or supplementary-collection route not recoverable row by row from the surviving source exports.,"Y. Peng, J. Huang, C. Li",IEEE Internet of Things Journal,2025,12,19,39955-39970,IEEE,journal-article,Local manuscript bibliography (references.tex),2026-07-25,
P102,CCAP: A Complete Cross-Domain Authentication Based on Blockchain for Internet of Things,10.1109/tifs.2022.3214733,primary_protocol,include_primary,1,Peer-reviewed 2021-2026 cross-domain authentication or authenticated-key-agreement protocol in scope.,Database or supplementary-collection route not recoverable row by row from the surviving source exports.,"F. Tong, X. Chen, K. Wang, Y. Zhang",IEEE Transactions on Information Forensics and Security,2022,17,,3789-3800,IEEE,journal-article,Local manuscript bibliography (references.tex),2026-07-25,
P105,AAMB: a cross-domain identity authentication scheme based on multilayered blockchains in IoMT,10.1007/s11227-025-07309-4,primary_protocol,include_primary,1,Peer-reviewed 2021-2026 cross-domain authentication or authenticated-key-agreement protocol in scope.,Database or supplementary-collection route not recoverable row by row from the surviving source exports.,"Z. Zhang, H. Li, D. Li, K. Li",Journal of Supercomputing,2025,81,7,,Springer,journal-article,Local manuscript bibliography (references.tex),2026-07-25,
P109,A Lightweight Group Authentication Framework for Cross-Domain Internet of Things,10.1007/978-3-031-94458-1_2,primary_protocol,include_primary,1,Peer-reviewed 2021-2026 cross-domain authentication or authenticated-key-agreement protocol in scope.,Database or supplementary-collection route not recoverable row by row from the surviving source exports.,"I. Carvajal-Roca, Z. Guan, H. Wang, Z. Wan","Security and Privacy in Communication Networks, Securecomm 2024, Pt Iv",2026,630,,25-46,Springer,proceedings-article,Local manuscript bibliography (references.tex),2026-07-25,
P110,A Post-Quantum Cross-Domain Authentication Scheme Based on Multi-Chain Architecture,10.32604/cmc.2024.046816,primary_protocol,include_primary,1,Peer-reviewed 2021-2026 cross-domain authentication or authenticated-key-agreement protocol in scope.,Database or supplementary-collection route not recoverable row by row from the surviving source exports.,"Y. Cao, X. Chen, Y. He, L. Liu, Y. Che, X. Wang, et al.",Cmc-Computers Materials & Continua,2024,78,2,2813-2827,,journal-article,Local manuscript bibliography (references.tex),2026-07-25,
P111,An Anonymous Authentication Scheme with Low Overhead for Cross-Domain IoT,10.1007/978-981-97-0862-8_7,primary_protocol,include_primary,1,Peer-reviewed 2021-2026 cross-domain authentication or authenticated-key-agreement protocol in scope.,Database or supplementary-collection route not recoverable row by row from the surviving source exports.,"L. Fan, J. Guan, K. Liu, P. Wang","Algorithms and Architectures for Parallel Processing, Ica3Pp 2023, Pt Vii",2024,14493,,93-113,Springer,proceedings-article,Local manuscript bibliography (references.tex),2026-07-25,
P112,Authentication Technology in Internet of Things and Privacy Security Issues in Typical Application Scenarios,10.3390/electronics12081812,primary_protocol,include_primary,1,Peer-reviewed 2021-2026 cross-domain authentication or authenticated-key-agreement protocol in scope.,Database or supplementary-collection route not recoverable row by row from the surviving source exports.,"J. Zhao, H. Hu, F. Huang, Y. Guo, L. Liao",Electronics,2023,12,8,,MDPI,journal-article,Local manuscript bibliography (references.tex),2026-07-25,
P113,Blockchain-Based Cross-Domain Authentication With Dynamic Domain Participation in IoT,10.1109/jiot.2024.3486331,primary_protocol,include_primary,1,Peer-reviewed 2021-2026 cross-domain authentication or authenticated-key-agreement protocol in scope.,Database or supplementary-collection route not recoverable row by row from the surviving source exports.,"D. Luo, G. Sun, H. Yu, M. Guizani",IEEE Internet of Things Journal,2024,12,5,5385-5395,IEEE,journal-article,Local manuscript bibliography (references.tex),2026-07-25,
P114,Blockchain-enhanced Zero Knowledge Proof-based Privacy-preserving Mutual Authentication for IoT Networks,10.1109/access.2024.3450313,primary_protocol,exclude_out_of_scope_full_text,0,out of scope: general IoT mutual authentication; no cross-domain content in full text,Database or supplementary-collection route not recoverable row by row from the surviving source exports.,Aditya Pathak; Irfan Al-Anbagi; Howard J. Hamilton,IEEE Access,2024,,,,IEEE,journal-article,Locally stored article PDF,2026-07-25,
P116,Bridge of Trust: Cross Domain Authentication for Industrial Internet of Things (IIoT) Blockchain over Transport Layer Security (TLS),10.3390/electronics12112401,primary_protocol,include_primary,1,Peer-reviewed 2021-2026 cross-domain authentication or authenticated-key-agreement protocol in scope.,Database or supplementary-collection route not recoverable row by row from the surviving source exports.,"F. Stodt, C. Reich",Electronics,2023,12,11,,MDPI,journal-article,Local manuscript bibliography (references.tex),2026-07-25,
P117,Chebyshev Polynomial and Private Blockchain Based Cross-Domain Authentication Protocol for IoD Networks,10.1109/ccnc51664.2024.10454702,primary_protocol,include_primary,1,Peer-reviewed 2021-2026 cross-domain authentication or authenticated-key-agreement protocol in scope.,Database or supplementary-collection route not recoverable row by row from the surviving source exports.,"C. Pu, K. Choo, I. Bhattarai","2024 IEEE 21st Consumer Communications & Networking Conference, Ccnc",2024,,,931-936,IEEE,proceedings-article,Local manuscript bibliography (references.tex),2026-07-25,
P118,Efficient Blockchain-Based Mutual Authentication and Session Key Agreement for Cross-Domain IIoT,10.1109/jiot.2024.3351892,primary_protocol,include_primary,1,Peer-reviewed 2021-2026 cross-domain authentication or authenticated-key-agreement protocol in scope.,Database or supplementary-collection route not recoverable row by row from the surviving source exports.,"J. Cui, Y. Zhu, H. Zhong, Q. Zhang, C. Gu, D. He",IEEE Internet of Things Journal,2024,11,9,16325-16338,IEEE,journal-article,Local manuscript bibliography (references.tex),2026-07-25,
P120,A Lightweight Authentication Method for Industrial Internet of Things Based on Blockchain and Chebyshev Chaotic Maps,10.3390/fi17080338,primary_protocol,include_primary,1,Peer-reviewed 2021-2026 cross-domain authentication or authenticated-key-agreement protocol in scope.,Database or supplementary-collection route not recoverable row by row from the surviving source exports.,"Z. Zhai, J. Liu, X. Liu, Y. Mao, X. Zhang, J. Ma, et al.",Future Internet,2025,17,8,,MDPI,journal-article,Local manuscript bibliography (references.tex),2026-07-25,
P122,LCC-AKA: Lightweight certificateless cross-domain authentication key agreement protocol for IoT devices,10.1016/j.comnet.2026.112018,primary_protocol,include_primary,1,Peer-reviewed 2021-2026 cross-domain authentication or authenticated-key-agreement protocol in scope.,Database or supplementary-collection route not recoverable row by row from the surviving source exports.,"Y. Cai, T. Lu, J. Shang, Y. Li, Q. Gong, H. Chen",Computer Networks,2026,277,,,Elsevier,journal-article,Local manuscript bibliography (references.tex),2026-07-25,
P123,Blockchain and PUF-based secure key establishment protocol for cross- domain digital twins in industrial Internet of Things architecture,10.1016/j.jare.2023.09.017,primary_protocol,include_primary,1,Peer-reviewed 2021-2026 cross-domain authentication or authenticated-key-agreement protocol in scope.,Database or supplementary-collection route not recoverable row by row from the surviving source exports.,"K. Mahmood, S. Shamshad, M. Saleem, R. Kharel, A. Das, S. Shetty, et al.",Journal of Advanced Research,2023,62,,155-163,Elsevier,journal-article,Local manuscript bibliography (references.tex),2026-07-25,
P124,Research on an Efficient Cross-Domain Authentication Scheme that is Based on Blockchain and Edge Computing,10.1007/978-981-95-5294-8_37,primary_protocol,include_primary,1,Peer-reviewed 2021-2026 cross-domain authentication or authenticated-key-agreement protocol in scope.,Database or supplementary-collection route not recoverable row by row from the surviving source exports.,"C. Xu, R. Yi, T. Sun","Computer Applications, Ccf Ncca 2025",2026,2774,,547-570,Springer,proceedings-article,Local manuscript bibliography (references.tex),2026-07-25,
P125,Split-Chain-Based Efficient Blockchain-Assisted Cross-Domain Authentication for IoT,10.1109/tnsm.2024.3379587,primary_protocol,include_primary,1,Peer-reviewed 2021-2026 cross-domain authentication or authenticated-key-agreement protocol in scope.,Database or supplementary-collection route not recoverable row by row from the surviving source exports.,"D. Luo, Q. Cai, G. Sun, H. Yu, and D. Niyato",IEEE Trans. Netw. Serv. Manage.,2024,21,3,3209-3223,IEEE,journal-article,Local manuscript bibliography (references.tex),2026-07-25,
P126,CD-AKA-IoV: A Provably Secure Cross-Domain Authentication and Key Agreement Protocol for Internet of Vehicle,10.32604/cmc.2025.065560,primary_protocol,include_primary,1,Peer-reviewed 2021-2026 cross-domain authentication or authenticated-key-agreement protocol in scope.,Database or supplementary-collection route not recoverable row by row from the surviving source exports.,"T. Y. Wu, H. Wu, M. Tang, S. Kumari, and C. M. Chen","Computers, Materials & Continua",2025,85,1,1715-1732,,journal-article,Local manuscript bibliography (references.tex),2026-07-25,
P128,A Blockchain-Assisted Cross-Domain Authentication and Key Negotiation Scheme in IIoT,10.1109/access.2025.3565393,primary_protocol,include_primary,1,Peer-reviewed 2021-2026 cross-domain authentication or authenticated-key-agreement protocol in scope.,Database or supplementary-collection route not recoverable row by row from the surviving source exports.,"Z. Xu, G. Dong, R. Yang",IEEE Access,2025,13,,88156-88173,IEEE,journal-article,Local manuscript bibliography (references.tex),2026-07-25,
P129,A Blockchain-Based Certificateless Anonymous Cross-Domain Authentication Scheme for IoV,10.1155/int/1782136,primary_protocol,include_primary,1,Peer-reviewed 2021-2026 cross-domain authentication or authenticated-key-agreement protocol in scope.,Database or supplementary-collection route not recoverable row by row from the surviving source exports.,"H. Wang, Y. Cui, L. Wang, Y. Sun, C. Wang",International Journal of Intelligent Systems,2025,2025,1,,,journal-article,Local manuscript bibliography (references.tex),2026-07-25,
P130,A Blockchain-Based Cross-Domain Authentication Management System for IoT Devices,10.1109/tnse.2023.3292624,primary_protocol,include_primary,1,Peer-reviewed 2021-2026 cross-domain authentication or authenticated-key-agreement protocol in scope.,Database or supplementary-collection route not recoverable row by row from the surviving source exports.,"Y. Liu, A. Liu, Y. Xia, B. Hu, J. Liu, Q. Wu, et al.",IEEE Transactions on Network Science and Engineering,2023,11,1,115-127,IEEE,journal-article,Local manuscript bibliography (references.tex),2026-07-25,
P131,A Blockchain-Based Cross-Domain Data Transmission Scheme for Industrial Internet of Things With Edge-Cloud Computing,10.1109/tsc.2025.3603155,primary_protocol,include_primary,1,Peer-reviewed 2021-2026 cross-domain authentication or authenticated-key-agreement protocol in scope.,Database or supplementary-collection route not recoverable row by row from the surviving source exports.,"X. Chen, Q. Cheng, X. Chen, X. Luo",IEEE Transactions on Services Computing,2025,18,5,2489-2502,IEEE,journal-article,Local manuscript bibliography (references.tex),2026-07-25,
P132,A Blockchain-Based Multi-CA Cross-Domain Authentication Scheme in Decentralized Autonomous Network,10.1109/tnsm.2022.3180357,primary_protocol,include_primary,1,Peer-reviewed 2021-2026 cross-domain authentication or authenticated-key-agreement protocol in scope.,Database or supplementary-collection route not recoverable row by row from the surviving source exports.,"M. Wang, L. Rui, Y. Yang, Z. Gao, X. Chen",IEEE Transactions on Network and Service Management,2022,19,3,2664-2676,IEEE,journal-article,Local manuscript bibliography (references.tex),2026-07-25,
P133,A Blockchain-Based Mutual Authentication Scheme for Collaborative Edge Computing,10.1109/tcss.2021.3056540,primary_protocol,include_primary,1,Peer-reviewed 2021-2026 cross-domain authentication or authenticated-key-agreement protocol in scope.,Database or supplementary-collection route not recoverable row by row from the surviving source exports.,"G. Cheng, Y. Chen, S. Deng, H. Gao, J. Yin",IEEE Transactions on Computational Social Systems,2021,9,1,146-158,IEEE,journal-article,Local manuscript bibliography (references.tex),2026-07-25,
P134,A Certificate Authority Domain-based Cross-domain Authentication Scheme for Virtual Enterprise Using Identity Based Encryption,10.1109/bigcom53800.2021.00007,primary_protocol,include_primary,1,Peer-reviewed 2021-2026 cross-domain authentication or authenticated-key-agreement protocol in scope.,Database or supplementary-collection route not recoverable row by row from the surviving source exports.,"X. Zhou, F. Miao, and Y. Xiong",2021 7th International Conference on Big Data Computing and Communications (BigCom),2021,,,144-149,IEEE,proceedings-article,Local manuscript bibliography (references.tex),2026-07-25,
P135,A Certificateless Anonymous Cross-Domain Authentication Scheme Assisted by Blockchain for Internet of Vehicles,10.1155/2022/3488977,primary_protocol,include_primary,1,Peer-reviewed 2021-2026 cross-domain authentication or authenticated-key-agreement protocol in scope.,Database or supplementary-collection route not recoverable row by row from the surviving source exports.,"X. Liu, L. Wang, L. Li, X. Zhang, S. Niu",Wireless Communications & Mobile Computing,2022,2022,,,,journal-article,Local manuscript bibliography (references.tex),2026-07-25,
P136,A Certificateless-Based Authentication and Key Agreement Scheme for IIoT Cross-Domain,10.1155/2022/3693748,primary_protocol,include_primary,1,Peer-reviewed 2021-2026 cross-domain authentication or authenticated-key-agreement protocol in scope.,Database or supplementary-collection route not recoverable row by row from the surviving source exports.,"X. Wang, C. Gu, F. Wei, S. Lu, Z. Li",Security and Communication Networks,2022,2022,,,,journal-article,Local manuscript bibliography (references.tex),2026-07-25,
P137,A Cross-domain Authentication Scheme Based on Blockchain and Edge Computing,10.1109/icsp62122.2024.10743919,primary_protocol,include_primary,1,Peer-reviewed 2021-2026 cross-domain authentication or authenticated-key-agreement protocol in scope.,Database or supplementary-collection route not recoverable row by row from the surviving source exports.,"Y. Yin, R. An, Y. Zhang, Y. Gan","2024 9th International Conference on Intelligent Computing and Signal Processing, Icsp",2024,,,270-274,IEEE,proceedings-article,Local manuscript bibliography (references.tex),2026-07-25,
P138,A Cross-Domain Authentication Scheme Based on Cooperative Blockchains Functioning With Revocation for Medical Consortiums,10.1109/tnsm.2022.3146929,primary_protocol,include_primary,1,Peer-reviewed 2021-2026 cross-domain authentication or authenticated-key-agreement protocol in scope.,Database or supplementary-collection route not recoverable row by row from the surviving source exports.,"L. Xue, H. Huang, F. Xiao, and W. Wang",IEEE Transactions on Network and Service Management,2022,19,3,2409-2420,IEEE,journal-article,Local manuscript bibliography (references.tex),2026-07-25,
P139,A Distributed Authentication Scheme Based on Smart Contract for Roaming Service in Mobile Vehicular Networks,10.1109/tvt.2022.3148303,primary_protocol,include_primary,1,Peer-reviewed 2021-2026 cross-domain authentication or authenticated-key-agreement protocol in scope.,Database or supplementary-collection route not recoverable row by row from the surviving source exports.,"K. Xue, X. Luo, Y. Ma, J. Li, J. Liu, and D. S. L. Wei",IEEE Transactions on Vehicular Technology,2022,71,5,5284-5297,IEEE,journal-article,Local manuscript bibliography (references.tex),2026-07-25,
P140,A distributed identity management and cross-domain authentication scheme for the Internet of Things,10.1016/j.future.2025.107818,primary_protocol,include_primary,1,Peer-reviewed 2021-2026 cross-domain authentication or authenticated-key-agreement protocol in scope.,Database or supplementary-collection route not recoverable row by row from the surviving source exports.,"M. Wang, Z. Wang",Future Generation Computer Systems-The International Journal of Escience,2025,169,,,Elsevier,journal-article,Local manuscript bibliography (references.tex),2026-07-25,
P141,A Framework for Blockchain and Fogging-based Efficient Authentication in Internet of Things,10.3390/app10020488,primary_protocol,exclude_out_of_scope_full_text,0,"out of scope: framework/review-type paper, not a primary CDA protocol",Database or supplementary-collection route not recoverable row by row from the surviving source exports.,Norah Alsaeed; Farrukh Nadeem,Applied Sciences,2020,10,2,488,MDPI,journal-article,Locally stored article PDF,2026-07-25,
P142,A highly reliable cross-domain identity authentication protocol based on blockchain in edge computing environment,10.1109/cscwd54268.2022.9776072,primary_protocol,include_primary,1,Peer-reviewed 2021-2026 cross-domain authentication or authenticated-key-agreement protocol in scope.,Database or supplementary-collection route not recoverable row by row from the surviving source exports.,"P. Lv, Y. Wang, Y. Wang, C. Liu, Q. Zhou, and Z. Xu",2022 IEEE 25th International Conference on Computer Supported Cooperative Work in Design (CSCWD),2022,,,1040-1046,IEEE,proceedings-article,Local manuscript bibliography (references.tex),2026-07-25,
P143,A Lightweight and Robust Cross-Domain Authentication Scheme Based on Master-Slave Blockchain,10.1109/iccc56324.2022.10065974,primary_protocol,include_primary,1,Peer-reviewed 2021-2026 cross-domain authentication or authenticated-key-agreement protocol in scope.,Database or supplementary-collection route not recoverable row by row from the surviving source exports.,"K. Deng, Y. Gao, J. Yuan, Z. Hou, and X. Li",2022 IEEE 8th International Conference on Computer and Communications (ICCC),2022,,,1339-1343,IEEE,proceedings-article,Local manuscript bibliography (references.tex),2026-07-25,
P145,A Lightweight Authentication Scheme Based on Consortium Blockchain for Cross-Domain IoT,10.1155/2022/9686049,primary_protocol,include_primary,1,Peer-reviewed 2021-2026 cross-domain authentication or authenticated-key-agreement protocol in scope.,Database or supplementary-collection route not recoverable row by row from the surviving source exports.,"Y. Zhang, Y. Luo, X. Chen, F. Tong, Y. Xu, J. Tao, et al.",Security and Communication Networks,2022,2022,,,,journal-article,Local manuscript bibliography (references.tex),2026-07-25,
P146,A Lightweight Blockchain-Based Cross-Domain Authentication and Data Sharing Scheme for the Industrial Internet of Things,10.7544/issn1000-1239.202550402,primary_protocol,include_primary,1,Peer-reviewed 2021-2026 cross-domain authentication or authenticated-key-agreement protocol in scope.,Database or supplementary-collection route not recoverable row by row from the surviving source exports.,"Z. Li, and B. Zhang",Journal of Computer Research and Development,2025,62,10,2416-2427,,journal-article,Local manuscript bibliography (references.tex),2026-07-25,
P147,A Lightweight Cross-Domain Direct Identity Authentication Protocol for VANETs,10.1109/jiot.2024.3438257,primary_protocol,include_primary,1,Peer-reviewed 2021-2026 cross-domain authentication or authenticated-key-agreement protocol in scope.,Database or supplementary-collection route not recoverable row by row from the surviving source exports.,"Y. Zhu, Y. Zhou, J. Wang, B. Yang, M. Zhang",IEEE Internet of Things Journal,2024,11,23,37741-37757,IEEE,journal-article,Local manuscript bibliography (references.tex),2026-07-25,
P148,A Multi-Blockchain Based Anonymous Cross-Domain Authentication Scheme for Industrial Internet of Things,10.1109/trustcom63139.2024.00160,primary_protocol,include_primary,1,Peer-reviewed 2021-2026 cross-domain authentication or authenticated-key-agreement protocol in scope.,Database or supplementary-collection route not recoverable row by row from the surviving source exports.,"C. Hou, W. Yang, Y. Wang, Z. Zhang, S. Chen, B. Li","2024 IEEE 23rd International Conference on Trust, Security and Privacy in Computing and Communications, Trustcom",2024,,,1125-1134,IEEE,proceedings-article,Local manuscript bibliography (references.tex),2026-07-25,
P149,A Multi-Blockchain-Based Cross-Domain Authentication and Authorization Scheme for Energy Internet,10.1155/2023/4778967,primary_protocol,include_primary,1,Peer-reviewed 2021-2026 cross-domain authentication or authenticated-key-agreement protocol in scope.,Database or supplementary-collection route not recoverable row by row from the surviving source exports.,"D. Liu, X. Liu, R. Wang, H. Zhang, F. Zhang, L. Sun, et al.",Wireless Communications and Mobile Computing,2023,2023,,1-13,,journal-article,Local manuscript bibliography (references.tex),2026-07-25,
P150,A New Identity Authentication and Key Agreement Protocol Based on Multi-Layer Blockchain in Edge Computing,10.1109/access.2023.3347808,primary_protocol,include_primary,1,Peer-reviewed 2021-2026 cross-domain authentication or authenticated-key-agreement protocol in scope.,Database or supplementary-collection route not recoverable row by row from the surviving source exports.,"Y. Chen, Q. Yang, X. Zeng, D. Yang, X. Li",IEEE Access,2023,12,,3274-3291,IEEE,journal-article,Local manuscript bibliography (references.tex),2026-07-25,
P151,A Post-Quantum Secure Federated Learning Framework for Cross-Domain V2G Authentication,10.1109/tce.2025.3580338,primary_protocol,include_primary,1,Peer-reviewed 2021-2026 cross-domain authentication or authenticated-key-agreement protocol in scope.,Database or supplementary-collection route not recoverable row by row from the surviving source exports.,"S. Ahmed, M. Anisi",IEEE Transactions on Consumer Electronics,2025,71,3,8433-8440,IEEE,journal-article,Local manuscript bibliography (references.tex),2026-07-25,
P152,A Privacy-Aware Cross-Domain Device Authentication Scheme for IIoT Based on Blockchain,10.1109/hpcc-dss-smartcity-dependsys53884.2021.00097,primary_protocol,include_primary,1,Peer-reviewed 2021-2026 cross-domain authentication or authenticated-key-agreement protocol in scope.,Database or supplementary-collection route not recoverable row by row from the surviving source exports.,"B. Gao, H. Yan, and R. Tian","2021 IEEE 23rd Int Conf on High Performance Computing & Communications; 7th Int Conf on Data Science & Systems; 19th Int Conf on Smart City; 7th Int Conf on Dependability in Sensor, Cloud & Big Data Systems & Application (HPCC/DSS/SmartCity/DependSys)",2021,,,561-570,IEEE,proceedings-article,Local manuscript bibliography (references.tex),2026-07-26,
P153,A Privacy-Preserving Cross-Domain Authentication and Key Agreement Scheme via Multiblockchains for Smart Cities,10.1109/jiot.2025.3607798,primary_protocol,include_primary,1,Peer-reviewed 2021-2026 cross-domain authentication or authenticated-key-agreement protocol in scope.,Database or supplementary-collection route not recoverable row by row from the surviving source exports.,"J. Huang, J. Zeng, R. Vos, S. Vos",IEEE Internet of Things Journal,2025,12,23,49915-49931,IEEE,journal-article,Local manuscript bibliography (references.tex),2026-07-25,
P154,A secure and trustworthy blockchain-assisted edge computing architecture for industrial internet of things,10.1038/s41598-025-00337-3,primary_protocol,exclude_out_of_scope_full_text,0,out of scope: edge-computing architecture; cross-domain appears only in reference list,Database or supplementary-collection route not recoverable row by row from the surviving source exports.,Sasikumar Asaithambi; Senthilkumar Nallusamy; Jing Yang; Sunil Prajapat; Gyanendra Kumar; Pramod Singh Rathore,Scientific Reports,2025,15,,15410,Springer Nature,journal-article,Locally stored article PDF,2026-07-25,
P155,A Traceable Cross-Domain Anonymous Authentication Scheme in Industrial Internet of Things,10.1109/icnlp65360.2025.11108575,primary_protocol,include_primary,1,Peer-reviewed 2021-2026 cross-domain authentication or authenticated-key-agreement protocol in scope.,Database or supplementary-collection route not recoverable row by row from the surviving source exports.,"Y. Xie, W. Liu, Y. Wang","2025 7th International Conference on Natural Language Processing, Icnlp",2025,,,679-684,IEEE,proceedings-article,Local manuscript bibliography (references.tex),2026-07-25,
P156,A Trusted IoT Communication Architecture Based on Blockchain and Named Data Network,10.1088/1742-6596/2224/1/012091,primary_protocol,include_primary,1,Peer-reviewed 2021-2026 cross-domain authentication or authenticated-key-agreement protocol in scope.,Database or supplementary-collection route not recoverable row by row from the surviving source exports.,"Y. Sun, S. Chen, Y. Fang, W. Xu, Q. Luo, and L. Rui",Journal of Physics: Conference Series,2022,2224,1,012091,,proceedings-article,Local manuscript bibliography (references.tex),2026-07-25,
P158,An anonymous and efficient certificateless signature scheme based on blockchain in NDN-IoT environments,10.1002/ett.4979,primary_protocol,include_primary,1,Peer-reviewed 2021-2026 cross-domain authentication or authenticated-key-agreement protocol in scope.,Database or supplementary-collection route not recoverable row by row from the surviving source exports.,"C. Wang, X. Deng, M. Ma, Q. Li, H. Bai, Y. Zhang",Transactions on Emerging Telecommunications Technologies,2024,35,4,,,journal-article,Local manuscript bibliography (references.tex),2026-07-25,
P159,An Efficient Consensus Algorithm for Blockchain-Based Cross-Domain Authentication in Bandwidth-Constrained Wide-Area IoT Networks,10.1109/jiot.2024.3420719,primary_protocol,include_primary,1,Peer-reviewed 2021-2026 cross-domain authentication or authenticated-key-agreement protocol in scope.,Database or supplementary-collection route not recoverable row by row from the surviving source exports.,"D. Luo, Y. Zhang, G. Sun, H. Yu, D. Niyato",IEEE Internet of Things Journal,2024,11,19,31917-31931,IEEE,journal-article,Local manuscript bibliography (references.tex),2026-07-25,
P160,Anonymous and Traceable: A Dynamic Group Signature-Based Cross-Domain Authentication for IIoT,10.3390/math13132127,primary_protocol,include_primary,1,Peer-reviewed 2021-2026 cross-domain authentication or authenticated-key-agreement protocol in scope.,Database or supplementary-collection route not recoverable row by row from the surviving source exports.,"C. Deng, C. Zhang, and Q. Tan",Mathematics,2025,13,13,2127,MDPI,journal-article,Local manuscript bibliography (references.tex),2026-07-25,
P161,BAT-CA: A Blockchain-Based Anonymous and Traceable Cross-Domain Authentication Approach for Interner of Things,10.1109/wcnc61545.2025.10978745,primary_protocol,include_primary,1,Peer-reviewed 2021-2026 cross-domain authentication or authenticated-key-agreement protocol in scope.,Database or supplementary-collection route not recoverable row by row from the surviving source exports.,"Y. Peng, J. Huang, C. Li, P. Li","2025 IEEE Wireless Communications and Networking Conference, Wcnc",2025,,,,IEEE,proceedings-article,Local manuscript bibliography (references.tex),2026-07-25,
P162,BCAE: A Blockchain-Based Cross Domain Authentication Scheme for Edge Computing,10.1109/jiot.2024.3387934,primary_protocol,include_primary,1,Peer-reviewed 2021-2026 cross-domain authentication or authenticated-key-agreement protocol in scope.,Database or supplementary-collection route not recoverable row by row from the surviving source exports.,"S. Zhang, Z. Yan, W. Liang, K. Li, B. Di Martino",IEEE Internet of Things Journal,2024,11,13,24035-24048,IEEE,journal-article,Local manuscript bibliography (references.tex),2026-07-25,
P163,BCDAP-DGS: Dynamic Group Signature and Batch Cross-Domain Authentication Protocol for Intelligent Transportation,10.1109/tits.2025.3593412,primary_protocol,include_primary,1,Peer-reviewed 2021-2026 cross-domain authentication or authenticated-key-agreement protocol in scope.,Database or supplementary-collection route not recoverable row by row from the surviving source exports.,"C. Cai, C. Peng, Y. Tian, W. Tan, J. Niu, and F. Teng",IEEE Transactions on Intelligent Transportation Systems,2025,26,11,18680-18694,IEEE,journal-article,Local manuscript bibliography (references.tex),2026-07-25,
P164,BCEDAS: A Blockchain and Chameleon Hash-Based Efficient Decentralized Authentication Scheme for Internet of Vehicles With Multi-Scenario,10.1109/tits.2026.3670901,primary_protocol,include_primary,1,Peer-reviewed 2021-2026 cross-domain authentication or authenticated-key-agreement protocol in scope.,Database or supplementary-collection route not recoverable row by row from the surviving source exports.,"B. Zhang, R. Du, J. Tian, Y. Gao",IEEE Transactions on Intelligent Transportation Systems,2026,,,,IEEE,journal-article,Local manuscript bibliography (references.tex),2026-07-25,
P165,BCPA: A Blockchain-Based Cross-Domain Privacy-Preserving Authentication Scheme in Internet of Things Environments,10.1109/jiot.2025.3601211,primary_protocol,include_primary,1,Peer-reviewed 2021-2026 cross-domain authentication or authenticated-key-agreement protocol in scope.,Database or supplementary-collection route not recoverable row by row from the surviving source exports.,"J. Wang, L. Liu, Z. Zhang, Y. Hao, H. Yang, J. Yu",IEEE Internet of Things Journal,2025,12,22,47481-47498,IEEE,journal-article,Local manuscript bibliography (references.tex),2026-07-25,
P166,BCPPAS : Blockchain-Based Cross-Domain Identity Authentication Scheme for IoT with Privacy Protection,10.1109/cscwd64889.2025.11033242,primary_protocol,include_primary,1,Peer-reviewed 2021-2026 cross-domain authentication or authenticated-key-agreement protocol in scope.,Database or supplementary-collection route not recoverable row by row from the surviving source exports.,"Q. Li, Y. Han, Q. Liu, G. Wang, H. Yu, J. Yu","2025 28th International Conference on Computer Supported Cooperative Work in Design, Cscwd",2025,,,1587-1592,IEEE,proceedings-article,Local manuscript bibliography (references.tex),2026-07-25,
P167,BEPHAP: A Blockchain-based Efficient Privacy-Preserving Handover Authentication Protocol with key agreement for Internet of Vehicles,10.1016/j.sysarc.2023.102869,primary_protocol,include_primary,1,Peer-reviewed 2021-2026 cross-domain authentication or authenticated-key-agreement protocol in scope.,Database or supplementary-collection route not recoverable row by row from the surviving source exports.,"X. Xie, B. Wu, and B. Hou",Journal of Systems Architecture,2023,138,,102869,Elsevier,journal-article,Local manuscript bibliography (references.tex),2026-07-25,
P168,BLECA: A Blockchain-Based Lightweight and Efficient Cross-Domain Authentication Scheme for Smart Parks,10.32604/cmc.2023.041676,primary_protocol,include_primary,1,Peer-reviewed 2021-2026 cross-domain authentication or authenticated-key-agreement protocol in scope.,Database or supplementary-collection route not recoverable row by row from the surviving source exports.,"F. Luo, R. Huang, Y. Chen",Cmc-Computers Materials & Continua,2023,77,2,1815-1835,,journal-article,Local manuscript bibliography (references.tex),2026-07-25,
P170,Blockchain-Assisted Transparent Cross-Domain Authorization and Authentication for Smart City,10.1109/jiot.2022.3154632,primary_protocol,include_primary,1,Peer-reviewed 2021-2026 cross-domain authentication or authenticated-key-agreement protocol in scope.,Database or supplementary-collection route not recoverable row by row from the surviving source exports.,"C. Huang, L. Xue, D. Liu, X. Shen, W. Zhuang, R. Sun, et al.",IEEE Internet of Things Journal,2022,9,18,17194-17209,IEEE,journal-article,Local manuscript bibliography (references.tex),2026-07-25,
P171,Blockchain-Based Certificateless Cross-Domain Authentication Scheme in the Industrial Internet of Things,10.32604/cmc.2024.053950,primary_protocol,include_primary,1,Peer-reviewed 2021-2026 cross-domain authentication or authenticated-key-agreement protocol in scope.,Database or supplementary-collection route not recoverable row by row from the surviving source exports.,"Z. Li, X. Liu, N. Zhang, Z. Wei",Cmc-Computers Materials & Continua,2024,80,3,3835-3854,,journal-article,Local manuscript bibliography (references.tex),2026-07-25,
P172,Blockchain-Based Certificate-Free Cross-Domain Authentication Mechanism for Industrial Internet,10.1109/jiot.2023.3296506,primary_protocol,include_primary,1,Peer-reviewed 2021-2026 cross-domain authentication or authenticated-key-agreement protocol in scope.,Database or supplementary-collection route not recoverable row by row from the surviving source exports.,"J. Dong, G. Xu, C. Ma, J. Liu, and U. G. O. Cliff",IEEE Internet of Things Journal,2023,11,2,3316-3330,IEEE,journal-article,Local manuscript bibliography (references.tex),2026-07-25,
P173,Blockchain-Based Cross-Domain Authentication for Intelligent 5G-Enabled Internet of Drones,10.1109/jiot.2021.3113321,primary_protocol,include_primary,1,Peer-reviewed 2021-2026 cross-domain authentication or authenticated-key-agreement protocol in scope.,Database or supplementary-collection route not recoverable row by row from the surviving source exports.,"C. Feng, B. Liu, Z. Guo, K. Yu, Z. Qin, K. Choo",IEEE Internet of Things Journal,2021,9,8,6224-6238,IEEE,journal-article,Local manuscript bibliography (references.tex),2026-07-25,
P174,Blockchain-Based Lightweight Message Authentication for Edge-Assisted Cross-Domain Industrial Internet of Things,10.1109/tdsc.2023.3285800,primary_protocol,include_primary,1,Peer-reviewed 2021-2026 cross-domain authentication or authenticated-key-agreement protocol in scope.,Database or supplementary-collection route not recoverable row by row from the surviving source exports.,"F. Wang, J. Cui, Q. Zhang, D. He, C. Gu, H. Zhong",IEEE Transactions on Dependable and Secure Computing,2023,21,4,1587-1604,IEEE,journal-article,Local manuscript bibliography (references.tex),2026-07-25,
P175,Blockchain-based lightweight trusted data interaction scheme for cross-domain IIoT,10.1016/j.dcan.2024.11.018,primary_protocol,include_primary,1,Peer-reviewed 2021-2026 cross-domain authentication or authenticated-key-agreement protocol in scope.,Database or supplementary-collection route not recoverable row by row from the surviving source exports.,"F. Li, Y. Zhao, K. Zhang, H. Xu, Y. Wang, D. Wang",Digital Communications and Networks,2024,11,4,1192-1204,Elsevier,journal-article,Local manuscript bibliography (references.tex),2026-07-25,
P176,Blockchain-Empowered Decentralized Horizontal Federated Learning for 5G-Enabled UAVs,10.1109/tii.2021.3116132,primary_protocol,include_primary,1,Peer-reviewed 2021-2026 cross-domain authentication or authenticated-key-agreement protocol in scope.,Database or supplementary-collection route not recoverable row by row from the surviving source exports.,"C. Feng, B. Liu, K. Yu, S. Goudos, S. Wan",IEEE Transactions on Industrial Informatics,2021,18,5,3582-3592,IEEE,journal-article,Local manuscript bibliography (references.tex),2026-07-25,
P177,Blockchain-based cross-domain authentication in a multi-domain Internet of drones environment,10.1007/s11227-024-06447-5,primary_protocol,include_primary,1,Peer-reviewed 2021-2026 cross-domain authentication or authenticated-key-agreement protocol in scope.,Database or supplementary-collection route not recoverable row by row from the surviving source exports.,"A. Karmegam, A. Tomar, and S. Tripathi",The Journal of Supercomputing,2024,80,19,27095-27122,Springer,journal-article,Local manuscript bibliography (references.tex),2026-07-25,
P178,BP-AKAA: Blockchain-enforced Privacy-preserving Authentication and Key Agreement and Access Control for IIoT,10.1016/j.jisa.2023.103443,primary_protocol,include_primary,1,Peer-reviewed 2021-2026 cross-domain authentication or authenticated-key-agreement protocol in scope.,Database or supplementary-collection route not recoverable row by row from the surviving source exports.,"S. Liu, L. Chen, H. Yu, S. Gao, H. Fang",Journal of Information Security and Applications,2023,73,,,Elsevier,journal-article,Local manuscript bibliography (references.tex),2026-07-25,
P179,BTAA: Blockchain and TEE-Assisted Authentication for IoT Systems,10.1109/jiot.2023.3252565,primary_protocol,include_primary,1,Peer-reviewed 2021-2026 cross-domain authentication or authenticated-key-agreement protocol in scope.,Database or supplementary-collection route not recoverable row by row from the surviving source exports.,"W. Mao, P. Jiang, L. Zhu",IEEE Internet of Things Journal,2023,10,14,12603-12615,IEEE,journal-article,Local manuscript bibliography (references.tex),2026-07-25,
P180,CABC: A Cross-Domain Authentication Method Combining Blockchain with Certificateless Signature for IIoT,10.1016/j.future.2024.04.042,primary_protocol,include_primary,1,Peer-reviewed 2021-2026 cross-domain authentication or authenticated-key-agreement protocol in scope.,Database or supplementary-collection route not recoverable row by row from the surviving source exports.,"L. Feng, F. Qiu, K. Hu, B. Yu, J. Lin, S. Yao",Future Generation Computer Systems-The International Journal of Escience,2024,158,,516-529,Elsevier,journal-article,Local manuscript bibliography (references.tex),2026-07-25,
P181,CABR: a cross-domain authentication method combines blockchain and ring signatures,10.1007/s10586-025-05421-x,primary_protocol,include_primary,1,Peer-reviewed 2021-2026 cross-domain authentication or authenticated-key-agreement protocol in scope.,Database or supplementary-collection route not recoverable row by row from the surviving source exports.,"F. Qiu, L. Feng, J. Wang",Cluster Computing-The Journal of Networks Software Tools and Applications,2025,28,12,,Springer,journal-article,Local manuscript bibliography (references.tex),2026-07-25,
P182,Conditional privacy-preserving message authentication scheme for cross-domain Industrial Internet of Things,10.1016/j.adhoc.2023.103137,primary_protocol,include_primary,1,Peer-reviewed 2021-2026 cross-domain authentication or authenticated-key-agreement protocol in scope.,Database or supplementary-collection route not recoverable row by row from the surviving source exports.,"H. Zhong, C. Gu, Q. Zhang, J. Cui, C. Gu, D. He",Ad Hoc Networks,2023,144,,,Elsevier,journal-article,Local manuscript bibliography (references.tex),2026-07-25,
P183,Cross-domain identity authentication scheme based on blockchain and PKI system,10.1016/j.hcc.2022.100096,primary_protocol,include_primary,1,Peer-reviewed 2021-2026 cross-domain authentication or authenticated-key-agreement protocol in scope.,Database or supplementary-collection route not recoverable row by row from the surviving source exports.,"H. Zhang, and F. Zhao",High-Confidence Computing,2022,3,1,100096,Elsevier,journal-article,Local manuscript bibliography (references.tex),2026-07-25,
P184,Cross-Domain Identity Authentication Scheme for the IIoT Identification Resolution System Based on Self-Sovereign Identity,10.1109/ton.2025.3578035,primary_protocol,include_primary,1,Peer-reviewed 2021-2026 cross-domain authentication or authenticated-key-agreement protocol in scope.,Database or supplementary-collection route not recoverable row by row from the surviving source exports.,"Y. He, T. Yuan, B. Wu, K. Sood, K. Xiao, X. Cheng",IEEE Transactions on Networking,2025,33,6,2913-2928,IEEE,journal-article,Local manuscript bibliography (references.tex),2026-07-25,
P185,Cross-domain secure communication scheme in industrial internet of things based on consortium blockchain,10.1007/s12083-025-02055-z,primary_protocol,include_primary,1,Peer-reviewed 2021-2026 cross-domain authentication or authenticated-key-agreement protocol in scope.,Database or supplementary-collection route not recoverable row by row from the surviving source exports.,"G. Han, J. Ma, L. Gong, Q. Wang, Z. Zhang",Peer-To-Peer Networking and Applications,2025,18,4,,Springer,journal-article,Local manuscript bibliography (references.tex),2026-07-25,
P186,DCAGS-IoT: Dynamic Cross-Domain Authentication Scheme Using Group Signature in IoT,10.3390/app13105847,primary_protocol,include_primary,1,Peer-reviewed 2021-2026 cross-domain authentication or authenticated-key-agreement protocol in scope.,Database or supplementary-collection route not recoverable row by row from the surviving source exports.,"W. Yuan, X. Li, M. Li, L. Zheng",Applied Sciences-Basel,2023,13,10,,MDPI,journal-article,Local manuscript bibliography (references.tex),2026-07-25,
P187,Distributed Cross-Domain Anonymous Authentication Scheme in Internet of Things,10.1109/jiot.2025.3555770,primary_protocol,include_primary,1,Peer-reviewed 2021-2026 cross-domain authentication or authenticated-key-agreement protocol in scope.,Database or supplementary-collection route not recoverable row by row from the surviving source exports.,C. Luo,IEEE Internet of Things Journal,2025,12,13,24710-24721,IEEE,journal-article,Local manuscript bibliography (references.tex),2026-07-25,
P188,DKGAuth: Blockchain-Assisted Distributed Key Generation and Authentication for Cross-Domain Intelligent IoT,10.1109/jiot.2024.3379310,primary_protocol,include_primary,1,Peer-reviewed 2021-2026 cross-domain authentication or authenticated-key-agreement protocol in scope.,Database or supplementary-collection route not recoverable row by row from the surviving source exports.,"K. Liu, J. Guan, S. Yao, L. Wang, H. Zhang",IEEE Internet of Things Journal,2024,11,15,25663-25673,IEEE,journal-article,Local manuscript bibliography (references.tex),2026-07-25,
P189,DPCZK: Enhancing Device Privacy Through Certificate-Free Encryption and Zero-Knowledge Proof in Multidomain IoT Environments,10.1109/jiot.2025.3545732,primary_protocol,include_primary,1,Peer-reviewed 2021-2026 cross-domain authentication or authenticated-key-agreement protocol in scope.,Database or supplementary-collection route not recoverable row by row from the surviving source exports.,"H. Ma, Y. Liu, Y. Liu, F. Feng, Z. Liu",IEEE Internet of Things Journal,2025,12,12,21038-21054,IEEE,journal-article,Local manuscript bibliography (references.tex),2026-07-25,
P190,Dynamic Authentication and Granularized Authorization With a Cross-Domain Zero Trust Architecture in Large-Scale IoT Networks,10.1109/tnse.2025.3650377,primary_protocol,include_primary,1,Peer-reviewed 2021-2026 cross-domain authentication or authenticated-key-agreement protocol in scope.,Database or supplementary-collection route not recoverable row by row from the surviving source exports.,"X. Ma, F. Fang, T. Liu, X. Wang",IEEE Transactions on Network Science and Engineering,2025,13,,5888-5904,IEEE,journal-article,Local manuscript bibliography (references.tex),2026-07-25,
P191,Dynamic Time-Bound Anonymous Complete Cross-Domain Authentication Scheme for IoT,10.1109/ton.2025.3635736,primary_protocol,include_primary,1,Peer-reviewed 2021-2026 cross-domain authentication or authenticated-key-agreement protocol in scope.,Database or supplementary-collection route not recoverable row by row from the surviving source exports.,"X. Chen, C. Hu, P. Hu, X. Li, J. Yu",IEEE Transactions on Networking,2025,34,,1927-1941,IEEE,journal-article,Local manuscript bibliography (references.tex),2026-07-25,
P192,ECroA: Efficient Cross-Domain Authentication in Dynamic Digital Twins of Wireless Industrial IoT,10.1109/jsac.2026.3669135,primary_protocol,include_primary,1,Peer-reviewed 2021-2026 cross-domain authentication or authenticated-key-agreement protocol in scope.,Database or supplementary-collection route not recoverable row by row from the surviving source exports.,"Y. Xia, X. Liu, Y. Yin",IEEE Journal on Selected Areas in Communications,2026,44,,3737-3749,IEEE,journal-article,Local manuscript bibliography (references.tex),2026-07-25,
P193,Efficient and Anonymous Cross-Domain Authentication for IIoT Based on Blockchain,10.1109/tnse.2022.3224453,primary_protocol,include_primary,1,Peer-reviewed 2021-2026 cross-domain authentication or authenticated-key-agreement protocol in scope.,Database or supplementary-collection route not recoverable row by row from the surviving source exports.,"J. Cui, N. Liu, Q. Zhang, D. He, C. Gu, H. Zhong",IEEE Transactions on Network Science and Engineering,2022,10,2,899-910,IEEE,journal-article,Local manuscript bibliography (references.tex),2026-07-25,
P194,Efficient and Privacy-Preserving Blockchain-Based Multifactor Device Authentication Protocol for Cross-Domain IIoT,10.1109/jiot.2022.3176192,primary_protocol,include_primary,1,Peer-reviewed 2021-2026 cross-domain authentication or authenticated-key-agreement protocol in scope.,Database or supplementary-collection route not recoverable row by row from the surviving source exports.,"Y. Zhang, B. Li, J. Wu, B. Liu, R. Chen, J. Chang",IEEE Internet of Things Journal,2022,9,22,22501-22515,IEEE,journal-article,Local manuscript bibliography (references.tex),2026-07-25,
P195,Efficient hybrid centralized and blockchain-based authentication architecture for heterogeneous IoT systems,10.1016/j.jksuci.2023.01.011,primary_protocol,include_primary,1,Peer-reviewed 2021-2026 cross-domain authentication or authenticated-key-agreement protocol in scope.,Database or supplementary-collection route not recoverable row by row from the surviving source exports.,"O. Khashan, N. Khafajah",Journal of King Saud University-Computer and Information Sciences,2023,35,2,726-739,Elsevier,journal-article,Local manuscript bibliography (references.tex),2026-07-25,
P196,Efficient Provably Secure Authentication Protocol for Multidomain IIoT Using a Combined Off-Chain and On-Chain Approach,10.1109/jiot.2023.3347677,primary_protocol,include_primary,1,Peer-reviewed 2021-2026 cross-domain authentication or authenticated-key-agreement protocol in scope.,Database or supplementary-collection route not recoverable row by row from the surviving source exports.,"A. Shahidinejad, J. Abawajy",IEEE Internet of Things Journal,2023,11,9,15241-15251,IEEE,journal-article,Local manuscript bibliography (references.tex),2026-07-25,
P197,Efficient Revocable Cross-Domain Anonymous Authentication Scheme for IIoT,10.1109/tifs.2024.3523198,primary_protocol,include_primary,1,Peer-reviewed 2021-2026 cross-domain authentication or authenticated-key-agreement protocol in scope.,Database or supplementary-collection route not recoverable row by row from the surviving source exports.,"M. Zeng, J. Cui, Q. Zhang, H. Zhong, D. He",IEEE Transactions on Information Forensics and Security,2024,20,,996-1010,IEEE,journal-article,Local manuscript bibliography (references.tex),2026-07-25,
P198,"Endogenous Security Formal Definition, Innovation Mechanisms, and Experiment Research in Industrial Internet",10.26599/tst.2023.9010034,primary_protocol,include_primary,1,Peer-reviewed 2021-2026 cross-domain authentication or authenticated-key-agreement protocol in scope.,Database or supplementary-collection route not recoverable row by row from the surviving source exports.,"H. Chen, X. Han, Y. Zhang",Tsinghua Science and Technology,2023,29,2,492-505,,journal-article,Local manuscript bibliography (references.tex),2026-07-25,
P199,Enhance IoT Security: A Blockchain and Chameleon Hashing-Based Scheme for Authentication,10.1007/978-981-96-0154-7_14,primary_protocol,include_primary,1,Peer-reviewed 2021-2026 cross-domain authentication or authenticated-key-agreement protocol in scope.,Database or supplementary-collection route not recoverable row by row from the surviving source exports.,"Z. Zeng, Z. Xu, B. Luo, Y. Jiang, A. Xiong","Frontiers in Cyber Security, Fcs 2024, Pt Ii",2024,2316,,237-254,Springer,proceedings-article,Local manuscript bibliography (references.tex),2026-07-25,
P200,Federated Hierarchical Trust-Based Interaction Scheme for Cross-Domain Industrial IoT,10.1109/jiot.2022.3200854,primary_protocol,include_primary,1,Peer-reviewed 2021-2026 cross-domain authentication or authenticated-key-agreement protocol in scope.,Database or supplementary-collection route not recoverable row by row from the surviving source exports.,"C. Li, H. Yang, Z. Sun, Q. Yao, B. Bao, J. Zhang, et al.",IEEE Internet of Things Journal,2022,10,1,447-457,IEEE,journal-article,Local manuscript bibliography (references.tex),2026-07-25,
P201,Hybrid blockchain-based many-to-many cross-domain authentication scheme for smart agriculture IoT networks,10.1016/j.jksuci.2024.101946,primary_protocol,include_primary,1,Peer-reviewed 2021-2026 cross-domain authentication or authenticated-key-agreement protocol in scope.,Database or supplementary-collection route not recoverable row by row from the surviving source exports.,"F. Luo, R. Huang, Y. Xie",Journal of King Saud University-Computer and Information Sciences,2024,36,2,,Elsevier,journal-article,Local manuscript bibliography (references.tex),2026-07-25,
P202,Hybrid-blockchain-based cross-domain authentication for internet of marine things,10.1016/j.csi.2026.104140,primary_protocol,include_primary,1,Peer-reviewed 2021-2026 cross-domain authentication or authenticated-key-agreement protocol in scope.,Database or supplementary-collection route not recoverable row by row from the surviving source exports.,"B. Hu, X. Wang, J. Wang, Y. Liu, K. Li, K. Tsang",Computer Standards & Interfaces,2026,97,,,Elsevier,journal-article,Local manuscript bibliography (references.tex),2026-07-25,
P203,Lattice-Based Certificateless Proxy Re-Signature for IoT: A Computation-and-Storage Optimized Post-Quantum Scheme,10.3390/s25154848,primary_protocol,include_primary,1,Peer-reviewed 2021-2026 cross-domain authentication or authenticated-key-agreement protocol in scope.,Database or supplementary-collection route not recoverable row by row from the surviving source exports.,"Z. Wei, G. Lan, H. Zhao, Z. Li, Z. Ju",Sensors,2025,25,15,,MDPI,journal-article,Local manuscript bibliography (references.tex),2026-07-25,
P204,LBCM: A Scalable and DDoS-Resistant Cross-Domain Authentication Protocol for IIoT Using Chaotic Maps and Merkle Tree,10.1109/jiot.2026.3675667,primary_protocol,include_primary,1,Peer-reviewed 2021-2026 cross-domain authentication or authenticated-key-agreement protocol in scope.,Database or supplementary-collection route not recoverable row by row from the surviving source exports.,"Y. Huang, M. Ma, H. Wang, Y. Xia, Y. Shi",IEEE Internet of Things Journal,2026,13,11,25140-25157,IEEE,journal-article,Local manuscript bibliography (references.tex),2026-07-25,
P205,LCDMA: Lightweight Cross-Domain Mutual Identity Authentication Scheme for Internet of Things,10.1109/jiot.2023.3252051,primary_protocol,include_primary,1,Peer-reviewed 2021-2026 cross-domain authentication or authenticated-key-agreement protocol in scope.,Database or supplementary-collection route not recoverable row by row from the surviving source exports.,"B. Gong, G. Zheng, M. Waqas, S. Tu, and S. Chen",IEEE Internet of Things Journal,2023,10,14,12590-12602,IEEE,journal-article,Local manuscript bibliography (references.tex),2026-07-25,
P206,LCH-AKA: Identity Authentication and Key Agreement Scheme of Lightweight Cross-Domain Heterogeneous Network Based on PUF,10.1109/jiot.2025.3645889,primary_protocol,include_primary,1,Peer-reviewed 2021-2026 cross-domain authentication or authenticated-key-agreement protocol in scope.,Database or supplementary-collection route not recoverable row by row from the surviving source exports.,"X. Zhou, K. Chen, Y. Liu, B. Hu, J. Yin, X. Wang, et al.",IEEE Internet of Things Journal,2025,13,6,11507-11523,IEEE,journal-article,Local manuscript bibliography (references.tex),2026-07-25,
P207,Lightweight Blockchain-Enhanced Mutual Authentication Protocol for UAVs,10.1109/jiot.2023.3324543,primary_protocol,exclude_out_of_scope_full_text,0,"Excluded at full-text review: peer-reviewed UAV mutual-authentication protocol, but no explicit cross-domain, inter-domain, or multi-domain trust transition or authentication mechanism was identified.",Database or supplementary-collection route not recoverable row by row from the surviving source exports.,"W. Wang, Z. Han, T. R. Gadekallu, S. Raza, J. Tanveer, and C. Su",IEEE Internet of Things Journal,2023,11,6,9547-9557,IEEE,journal-article,Local manuscript bibliography (references.tex),2026-07-25,
P208,Lightweight Cross-Domain Authentication Scheme for Securing Wireless IoT Devices Using Backscatter Communication,10.1109/jiot.2024.3378476,primary_protocol,include_primary,1,Peer-reviewed 2021-2026 cross-domain authentication or authenticated-key-agreement protocol in scope.,Database or supplementary-collection route not recoverable row by row from the surviving source exports.,"G. Zhang, Q. Hu, Y. Zhang, Y. Dai, and T. Jiang",IEEE Internet of Things Journal,2024,11,12,22021-22035,IEEE,journal-article,Local manuscript bibliography (references.tex),2026-07-25,
P209,Lightweight Device Fingerprint Construction and Edge-Side Real-Time Identification Technology for Dynamic Power Communication Networks,10.1109/CNCIT65643.2025.11282887,primary_protocol,exclude_out_of_scope_full_text,0,out of scope: edge-side device fingerprint identification (v13 decision),Database or supplementary-collection route not recoverable row by row from the surviving source exports.,Lihua Jiang; Xuanzhong Wang; Jinzhao Gao; Lei Zhao,"2025 4th International Conference on Networks, Communications and Information Technology (CNCIT)",2025,,,,IEEE,proceedings-article,Locally stored article PDF,2026-07-25,
P210,Lightweight Attribute-Based Cross-Domain Authentication for Power IoT with Edge Computing Integration,10.13052/jcsm2245-1439.1522,primary_protocol,include_primary,1,Peer-reviewed 2021-2026 cross-domain authentication or authenticated-key-agreement protocol in scope.,Database or supplementary-collection route not recoverable row by row from the surviving source exports.,"C. Hu, X. Zhu, Y. Lu, Z. Liu, and Z. Wang",Journal of Cyber Security and Mobility,2026,,,,,journal-article,Local manuscript bibliography (references.tex),2026-07-25,
P211,LRCDA: A Lightweight and Reusable Cross-Domain Authentication Scheme for Industrial IoT Based on Distributed Architecture,10.1109/jiot.2025.3635817,primary_protocol,include_primary,1,Peer-reviewed 2021-2026 cross-domain authentication or authenticated-key-agreement protocol in scope.,Database or supplementary-collection route not recoverable row by row from the surviving source exports.,"Y. Wu, T. Feng, C. Liu, C. Su",IEEE Internet of Things Journal,2025,13,3,4683-4701,IEEE,journal-article,Local manuscript bibliography (references.tex),2026-07-25,
P213,Optimizing Scalable Storage for Blockchain-Based IoT Cross-Domain Authentication,10.1109/ciotsc67482.2025.11413127,primary_protocol,include_primary,1,Peer-reviewed 2021-2026 cross-domain authentication or authenticated-key-agreement protocol in scope.,Database or supplementary-collection route not recoverable row by row from the surviving source exports.,"D. Luo, G. Sun, and H. Yu","2025 International Conference on Computer, Internet of Things and Smart City (CIoTSC)",2025,,,1-5,IEEE,proceedings-article,Local manuscript bibliography (references.tex),2026-07-25,
P214,PECD-DSIIoT: Privacy-enhanced cross-domain data sharing scheme for IIoT,10.1016/j.jisa.2025.104128,primary_protocol,include_primary,1,Peer-reviewed 2021-2026 cross-domain authentication or authenticated-key-agreement protocol in scope.,Database or supplementary-collection route not recoverable row by row from the surviving source exports.,"L. Yang, W. Tong, Z. Li, J. Zhao, F. Pan, X. Jin",Journal of Information Security and Applications,2025,93,,,Elsevier,journal-article,Local manuscript bibliography (references.tex),2026-07-25,
P215,Post-Quantum Traceable Anonymous Cross-Domain Authentication for Blockchain-Based IoT,10.1109/tce.2025.3635021,primary_protocol,include_primary,1,Peer-reviewed 2021-2026 cross-domain authentication or authenticated-key-agreement protocol in scope.,Database or supplementary-collection route not recoverable row by row from the surviving source exports.,"D. Khare, D. Dangi, A. Bhagat, S. Malviya, D. Dixit",IEEE Transactions on Consumer Electronics,2025,72,1,1836-1845,IEEE,journal-article,Local manuscript bibliography (references.tex),2026-07-25,
P216,PQ-BCDA: A post-quantum blockchain based cross-domain authentication scheme for Internet of Things,10.1016/j.iot.2025.101737,primary_protocol,include_primary,1,Peer-reviewed 2021-2026 cross-domain authentication or authenticated-key-agreement protocol in scope.,Database or supplementary-collection route not recoverable row by row from the surviving source exports.,"S. Liu, S. Rao, X. Wang, K. Tian, Y. Wang",Internet of Things,2025,33,,,Elsevier,journal-article,Local manuscript bibliography (references.tex),2026-07-25,
P217,Research on Secure Authentication and Access Control for Device Access Based on Distributed Architecture,10.1109/caibda65784.2025.11183375,primary_protocol,include_primary,1,Peer-reviewed 2021-2026 cross-domain authentication or authenticated-key-agreement protocol in scope.,Database or supplementary-collection route not recoverable row by row from the surviving source exports.,"S. Du, Y. Liu, P. Tang, F. Yin, Y. Yang, and S. Li","2025 5th International Conference on Artificial Intelligence, Big Data and Algorithms (CAIBDA)",2025,,,1183-1189,IEEE,proceedings-article,Local manuscript bibliography (references.tex),2026-07-25,
P218,Research on Unified Access Technology of Multi-Service and Multi-Scenario Power IoT Terminals,10.1109/ICSECE58870.2023.10263348,primary_protocol,exclude_out_of_scope_full_text,0,out of scope: unified 5G access study; authentication is peripheral,Database or supplementary-collection route not recoverable row by row from the surviving source exports.,Gong Shuai; Yin Xiaoyu; Cao Wanwan; Zhang Min,"2023 IEEE International Conference on Sensors, Electronics and Computer Engineering (ICSECE)",2023,,,1195-1200,IEEE,proceedings-article,Locally stored article PDF,2026-07-25,
P219,Revocable Certificateless Cross-Domain Authentication Scheme Based on Primary-Secondary Blockchain,10.1109/tcss.2024.3378719,primary_protocol,include_primary,1,Peer-reviewed 2021-2026 cross-domain authentication or authenticated-key-agreement protocol in scope.,Database or supplementary-collection route not recoverable row by row from the surviving source exports.,"Z. Wang, Z. Zong, F. Li, S. Sun, and P. Zhao",IEEE Transactions on Computational Social Systems,2024,11,5,5880-5891,IEEE,journal-article,Local manuscript bibliography (references.tex),2026-07-25,
P220,S3Cross: Blockchain-Based Cross-Domain Authentication With Self-Sovereign and Supervised Identity Management,10.1109/tnsm.2025.3642315,primary_protocol,include_primary,1,Peer-reviewed 2021-2026 cross-domain authentication or authenticated-key-agreement protocol in scope.,Database or supplementary-collection route not recoverable row by row from the surviving source exports.,"C. Chen, G. Yang, D. Zhang, W. Wang, Q. Chen, J. Li",IEEE Transactions on Network and Service Management,2025,23,,1217-1231,IEEE,journal-article,Local manuscript bibliography (references.tex),2026-07-25,
P221,Scalable Storage Optimization for Blockchain-Based Cross-Domain Authentication in IoT,10.1109/tnsm.2025.3591086,primary_protocol,include_primary,1,Peer-reviewed 2021-2026 cross-domain authentication or authenticated-key-agreement protocol in scope.,Database or supplementary-collection route not recoverable row by row from the surviving source exports.,"D. Luo, G. Sun, M. Fan, H. Yu, and D. Niyato",IEEE Trans. Netw. Serv. Manage.,2025,22,5,4719-4731,IEEE,journal-article,Local manuscript bibliography (references.tex),2026-07-25,
P222,SE-CAS: Secure and Efficient Cross-Domain Authentication Scheme Based on Blockchain for Space TT&C Networks,10.1109/jiot.2024.3401178,primary_protocol,include_primary,1,Peer-reviewed 2021-2026 cross-domain authentication or authenticated-key-agreement protocol in scope.,Database or supplementary-collection route not recoverable row by row from the surviving source exports.,"C. Wang, Y. Zhang, Q. Zhang, X. Xu, W. Chen, and H. Li",IEEE Internet of Things Journal,2024,11,16,26806-26818,IEEE,journal-article,Local manuscript bibliography (references.tex),2026-07-25,
P223,Secure Cross-Domain Authentication and Data Sharing Scheme for IIoT in Cloud-Fog Automation Architecture,10.1109/jsac.2025.3574606,primary_protocol,include_primary,1,Peer-reviewed 2021-2026 cross-domain authentication or authenticated-key-agreement protocol in scope.,Database or supplementary-collection route not recoverable row by row from the surviving source exports.,"X. Chen, C. Hu, B. Cai, P. Hu, J. Yu",IEEE Journal on Selected Areas in Communications,2025,43,9,3247-3261,IEEE,journal-article,Local manuscript bibliography (references.tex),2026-07-25,
P224,Toward Cross-Domain Dynamic Accumulator Authentication Based on Blockchain in Internet of Things,10.1109/tii.2021.3116049,primary_protocol,include_primary,1,Peer-reviewed 2021-2026 cross-domain authentication or authenticated-key-agreement protocol in scope.,Database or supplementary-collection route not recoverable row by row from the surviving source exports.,"L. Wang, Y. Tian, D. Zhang",IEEE Transactions on Industrial Informatics,2021,18,4,2858-2867,IEEE,journal-article,Local manuscript bibliography (references.tex),2026-07-25,
P225,TrustPIoT: Blockchain-based Anonymous Authentication for Cross-Domain Intelligent PIoT,10.1109/icait62580.2024.10808094,primary_protocol,include_primary,1,Peer-reviewed 2021-2026 cross-domain authentication or authenticated-key-agreement protocol in scope.,Database or supplementary-collection route not recoverable row by row from the surviving source exports.,"C. Hong, P. Li, H. Ma, Y. Yang, X. Zhou, Z. Liang, et al.",2024 IEEE 16th International Conference on Advanced Infocomm Technology (ICAIT),2024,,,284-289,IEEE,proceedings-article,Local manuscript bibliography (references.tex),2026-07-25,
P226,XAuth: Efficient Privacy-Preserving Cross-Domain Authentication,10.1109/tdsc.2021.3092375,primary_protocol,include_primary,1,Peer-reviewed 2021-2026 cross-domain authentication or authenticated-key-agreement protocol in scope.,Database or supplementary-collection route not recoverable row by row from the surviving source exports.,"J. Chen, Z. Zhan, K. He, R. Du, D. Wang, and F. Liu",IEEE Transactions on Dependable and Secure Computing,2021,19,5,3301-3311,IEEE,journal-article,Local manuscript bibliography (references.tex),2026-07-25,
P227,"ZebraCPA: Decentralized, Postquantum Conditional Privacy-Preserving Authentication for VANETs via Traceable ZK Ring Signatures",10.1109/jiot.2026.3667814,primary_protocol,include_primary,1,Peer-reviewed 2021-2026 cross-domain authentication or authenticated-key-agreement protocol in scope.,Database or supplementary-collection route not recoverable row by row from the surviving source exports.,"L. Han, X. Li, L. You, G. Hu, F. Xia, J. Huang, et al.",IEEE Internet of Things Journal,2026,13,10,21130-21144,IEEE,journal-article,Local manuscript bibliography (references.tex),2026-07-25,
P094,A survey on Identity and Access Management for future IoT services,10.1016/j.comnet.2025.111718,related_survey,retain_related_context_not_denominator,0,"Survey or methodology paper retained for related work, not counted as a primary protocol study.",Database or supplementary-collection route not recoverable row by row from the surviving source exports.,Yiting Wang; Pedro Castillejo; José-Fernán Martínez-Ortega; Vicente Hernández Díaz,Computer Networks,2025,272,,111718,Elsevier BV,journal-article,Crossref DOI metadata,2026-07-25,
C013,"A Systematic Review for Evaluating IoT Security: A Focus on Authentication, Protocols and Enabling Technologies",10.1109/JIOT.2025.3545737,related_survey,retain_related_context_not_denominator,0,"Survey or methodology paper retained for related work, not counted as a primary protocol study.",Database or supplementary-collection route not recoverable row by row from the surviving source exports.,Jameel Shehu Yalli; Mohd Hilmi Hasan; Low Tang Jung; Abdulrasheed Ibrahim Yerima; Dahiru Adamu Aliyu; Umar Danjuma Maiwada; Safwan Mahmood Al-Selwi; Mujeeb Ur Rehman Shaikh,IEEE Internet of Things Journal,2025,12,12,18908-18928,IEEE,journal-article,Crossref DOI metadata,2026-07-25,"Added to align the contextual set with manuscript Ref. 13; replaces former P095, which was not a survey or methodology paper."
P096,"A Comprehensive Survey on Security and Privacy Challenges in Internet of Medical Things Applications: Deep Learning and Machine Learning Solutions, Obstacles, and Future Directions",10.1109/ACCESS.2025.3588489,related_survey,retain_related_context_not_denominator,0,"Survey or methodology paper retained for related work, not counted as a primary protocol study.",Database or supplementary-collection route not recoverable row by row from the surviving source exports.,G. Nithyavani; G. Naga Raja,IEEE Access,2025,13,,188955-188989,IEEE,journal-article,Crossref DOI metadata,2026-07-25,
P097,A Review of Security Issues When Integrating IoT With Cloud Computing and Blockchain,10.1109/ACCESS.2024.3435845,related_survey,retain_related_context_not_denominator,0,"Survey or methodology paper retained for related work, not counted as a primary protocol study.",Database or supplementary-collection route not recoverable row by row from the surviving source exports.,Latifa Albshaier; Alanoud Budokhi; Ahmed Aljughaiman,IEEE Access,2024,12,,109560-109595,IEEE,journal-article,Crossref DOI metadata,2026-07-25,
P098,"A Survey on Collaboration Computing for Industrial Internet of Things: Digital Twin, Federated Learning, and Swarm Learning",10.1109/JIOT.2025.3633747,related_survey,retain_related_context_not_denominator,0,"Survey or methodology paper retained for related work, not counted as a primary protocol study.",Database or supplementary-collection route not recoverable row by row from the surviving source exports.,Pengcheng Zhao; Ning Su; Yatong Wang; Shibao Sun; Xin Li,IEEE Internet of Things Journal,2026,13,3,3850-3869,IEEE,journal-article,Crossref DOI metadata,2026-07-25,
P099,A Survey on Key Agreement and Authentication Protocol for Internet of Things Application,10.1109/ACCESS.2024.3393567,related_survey,retain_related_context_not_denominator,0,"Survey or methodology paper retained for related work, not counted as a primary protocol study.",Database or supplementary-collection route not recoverable row by row from the surviving source exports.,Mohammad Kamrul Hasan; Zhou Weichen; Nurhizam Safie; Fatima Rayan Awad Ahmed; Taher M. Ghazal,IEEE Access,2024,12,,61642-61666,IEEE,journal-article,Crossref DOI metadata,2026-07-25,
C012,A Systematic Literature Review on the Implementation and Challenges of Zero Trust Architecture Across Domains,10.3390/s25196118,related_survey,retain_related_context_not_denominator,0,"Survey or methodology paper retained for related work, not counted as a primary protocol study.",Database or supplementary-collection route not recoverable row by row from the surviving source exports.,Sadaf Mushtaq; Muhammad Mohsin; Muhammad Mujahid Mushtaq,Sensors,2025,25,19,6118,MDPI,journal-article,Crossref DOI metadata,2026-07-25,"Added to align the contextual set with manuscript Ref. 12; replaces former P100, a broad drone-communications survey outside the six declared related-work areas."
P101,Blockchain Technologies for the Internet of Things: Research Issues and Challenges,10.1109/JIOT.2018.2882794,related_survey,retain_related_context_not_denominator,0,"Survey or methodology paper retained for related work, not counted as a primary protocol study.",Database or supplementary-collection route not recoverable row by row from the surviving source exports.,Mohamed Amine Ferrag; Makhlouf Derdour; Mithun Mukherjee; Abdelouahid Derhab; Leandros Maglaras; Helge Janicke,IEEE Internet of Things Journal,2019,6,2,2188-2204,IEEE,journal-article,IEEE Xplore and publisher-indexed metadata,2026-07-25,
P103,Guidelines for snowballing in systematic literature studies and a replication in software engineering,10.1145/2601248.2601268,related_survey,retain_related_context_not_denominator,0,"Survey or methodology paper retained for related work, not counted as a primary protocol study.",Database or supplementary-collection route not recoverable row by row from the surviving source exports.,Claes Wohlin,Proceedings of the 18th International Conference on Evaluation and Assessment in Software Engineering,2014,,,1-10,ACM,proceedings-article,Crossref DOI metadata,2026-07-25,
P104,Internet of Things in Industries: A Survey,10.1109/TII.2014.2300753,related_survey,retain_related_context_not_denominator,0,"Survey or methodology paper retained for related work, not counted as a primary protocol study.",Database or supplementary-collection route not recoverable row by row from the surviving source exports.,Li Da Xu; Wu He; Shancang Li,IEEE Transactions on Industrial Informatics,2014,10,4,2233-2243,IEEE,journal-article,Crossref DOI metadata,2026-07-25,
P106,Survey on Blockchain Enabled Authentication for Industrial Internet of Things,10.1109/I-SMAC52330.2021.9640973,related_survey,retain_related_context_not_denominator,0,"Survey or methodology paper retained for related work, not counted as a primary protocol study.",Database or supplementary-collection route not recoverable row by row from the surviving source exports.,Rajesh P. Sukumaran; Shajulin Benedict,"2021 Fifth International Conference on I-SMAC (IoT in Social, Mobile, Analytics and Cloud)",2021,,,1510-1516,IEEE,proceedings-article,Crossref DOI metadata,2026-07-25,
P107,Systematic literature review of Blockchain-enhanced privacy in fog computing networks,10.1007/s10586-025-05676-4,related_survey,retain_related_context_not_denominator,0,"Survey or methodology paper retained for related work, not counted as a primary protocol study.",Database or supplementary-collection route not recoverable row by row from the surviving source exports.,B. Swathi; R. Praneetha Sree,Cluster Computing,2025,28,15,,Springer Nature,journal-article,Crossref DOI metadata,2026-07-25,
P108,去中心化公钥基础设施综述,10.11959/j.issn.2096-109x.2025064,related_survey,retain_related_context_not_denominator,0,"Survey or methodology paper retained for related work, not counted as a primary protocol study.",Database or supplementary-collection route not recoverable row by row from the surviving source exports.,史晁铭; 闫峥; 张滋烔; 王海光; 李铁岩,网络与信息安全学报 (Chinese Journal of Network and Information Security),2025,11,6,17-35,,journal-article,Article PDF and journal-indexed metadata,2026-07-25,
P144,A Lightweight Authentication and Key Agreement Protocol Design for FANET,10.48550/arXiv.2509.17409,excluded_preprint_not_peer_reviewed,exclude_preprint_not_peer_reviewed,0,Preprint-only record outside the peer-reviewed primary corpus.,Database or supplementary-collection route not recoverable row by row from the surviving source exports.,Yao Wu; Ziye Jia; Qihui Wu; Yian Zhu,arXiv,2025,,,,arXiv,posted-content,Locally stored article PDF,2026-07-25,
P157,A Dynamic and Cross-domain Authentication Asymmetric Group Key Agreement in Telemedicine Application,10.1109/access.2018.2799007,excluded_pre2021_not_counted,retain_pre2021_context_not_denominator,0,Pre-2021 contextual anchor outside the declared quantitative window.,Database or supplementary-collection route not recoverable row by row from the surviving source exports.,Qikun Zhang; Yong Gan; Quanxin Zhang; Rifang Wang; Yu-An Tan,IEEE Access,2018,,,,IEEE,journal-article,Locally stored article PDF,2026-07-25,
P169,Blockchain-Assisted Secure Device Authentication for Cross-Domain Industrial IoT,10.1109/jsac.2020.2980916,background_pre2021_anchor_cited,retain_pre2021_context_not_denominator,0,Pre-2021 contextual anchor outside the declared quantitative window.,Database or supplementary-collection route not recoverable row by row from the surviving source exports.,Meng Shen; Huisen Liu; Liehuang Zhu; Ke Xu; Hongbo Yu; Xiaojiang Du; Mohsen Guizani,IEEE Journal on Selected Areas in Communications,2020,38,5,942-954,IEEE,journal-article,Locally stored article PDF,2026-07-25,
P212,Master-slave chain based trusted cross-domain authentication mechanism in IoT,10.1016/j.jnca.2020.102812,excluded_pre2021_not_counted,retain_pre2021_context_not_denominator,0,Pre-2021 contextual anchor outside the declared quantitative window.,Database or supplementary-collection route not recoverable row by row from the surviving source exports.,Shaoyong Guo; Fengning Wang; Neng Zhang; Feng Qi; Xuesong Qiu,Journal of Network and Computer Applications,2020,172,,102812,Elsevier,journal-article,Locally stored article PDF,2026-07-25,
