paper_id,ref_number,title,mechanism_family,verification_level,security_properties_coded,reported_research_tools,evidence_types,gap_flags,uncertain_reason,published_protocol_reverification_use,quality_score
P224,29,Toward Cross-Domain Dynamic Accumulator Authentication Based on Blockchain in Internet of Things,Other/classical-general,D,yes,informal_security_analysis; formal_proof; performance_comparison; simulation; blockchain_platform,formal proof; informal security analysis; performance comparison; prototype/simulation; blockchain platform,privacy-accountability tradeoff; policy/authorization binding; scalability and throughput; formal model gap,,not selected,not assigned; evidence appraisal is descriptive
P140,30,A distributed identity management and cross-domain authentication scheme for the Internet of Things,Ledger-mediated trust,C,yes,BAN_logic; informal_security_analysis; formal_proof; performance_comparison; simulation; blockchain_platform; Hyperledger,BAN logic; formal proof; informal security analysis; performance comparison; prototype/simulation; blockchain platform,dynamic revocation and membership; privacy-accountability tradeoff; storage/on-chain overhead; centralized trust or key escrow; formal model gap,missing_abstract,not selected,not assigned; evidence appraisal is descriptive
P216,31,PQ-BCDA A post-quantum blockchain based cross-domain authentication scheme for Internet of Things,Post-quantum,B,yes,RoR_random_oracle; informal_security_analysis; formal_proof; performance_comparison; simulation; blockchain_platform,RoR/random oracle; formal proof; informal security analysis; performance comparison; prototype/simulation; blockchain platform,privacy-accountability tradeoff; scalability and throughput; storage/on-chain overhead; resource-constrained deployment; centralized trust or key escrow; post-quantum migration; formal model gap,missing_abstract,not selected,not assigned; evidence appraisal is descriptive
P186,32,DCAGS-IoT Dynamic Cross-Domain Authentication Scheme Using Group Signature in IoT,Group-/ring-signature,E,no,no_clear_validation,,,missing_abstract; missing_method_excerpt; research_objective_weak; research_tools_weak,not selected,not assigned; evidence appraisal is descriptive
P130,33,A Blockchain-Based Cross-Domain Authentication Management System for IoT Devices,Ledger-mediated trust,D,yes,informal_security_analysis; formal_proof; performance_comparison; simulation; blockchain_platform; Ethereum_Ganache_Solidity,formal proof; informal security analysis; performance comparison; prototype/simulation; blockchain platform,privacy-accountability tradeoff; policy/authorization binding; scalability and throughput; storage/on-chain overhead; centralized trust or key escrow; formal model gap,,not selected,not assigned; evidence appraisal is descriptive
P134,34,A Certificate Authority Domain-based Cross-domain Authentication Scheme for Virtual Enterprise Using Identity Based Encryption,Other/classical-general,E,no,informal_security_analysis; simulation,informal security analysis; prototype/simulation,formal model gap,,not selected,not assigned; evidence appraisal is descriptive
P152,35,A Privacy-Aware Cross-Domain Device Authentication Scheme for IIoT Based on Blockchain,Certificateless split-key,B,yes,RoR_random_oracle; informal_security_analysis; formal_proof; performance_comparison; simulation; blockchain_platform,RoR/random oracle; formal proof; informal security analysis; performance comparison; prototype/simulation; blockchain platform,dynamic revocation and membership; privacy-accountability tradeoff; scalability and throughput; resource-constrained deployment; centralized trust or key escrow; formal model gap,,not selected,not assigned; evidence appraisal is descriptive
P156,36,A Trusted IoT Communication Architecture Based on Blockchain and Named Data Network,Ledger-mediated trust,E,no,simulation,prototype/simulation,privacy-accountability tradeoff; policy/authorization binding; scalability and throughput; storage/on-chain overhead; resource-constrained deployment; centralized trust or key escrow,,not selected,not assigned; evidence appraisal is descriptive
P202,37,Hybrid-Blockchain-Based Cross-Domain Authentication for Internet of Marine Things,Ledger-mediated trust,A,yes,RoR_random_oracle; AVISPA; informal_security_analysis; formal_proof; performance_comparison; simulation,RoR/random oracle; AVISPA; formal proof; informal security analysis; performance comparison; prototype/simulation,dynamic revocation and membership; privacy-accountability tradeoff; policy/authorization binding; scalability and throughput; resource-constrained deployment; centralized trust or key escrow; formal model gap,,not selected,not assigned; evidence appraisal is descriptive
P164,38,BCEDAS A Blockchain and Chameleon Hash-Based Efficient Decentralized Authentication Scheme for Internet of Vehicles With Multi-Scenario,Ledger-mediated trust,A,yes,RoR_random_oracle; ProVerif; informal_security_analysis; formal_proof; performance_comparison; simulation; blockchain_platform,RoR/random oracle; ProVerif; formal proof; informal security analysis; performance comparison; prototype/simulation; blockchain platform,dynamic revocation and membership; privacy-accountability tradeoff; policy/authorization binding; scalability and throughput; resource-constrained deployment; centralized trust or key escrow; formal model gap,,not selected,not assigned; evidence appraisal is descriptive
P176,39,Blockchain-Empowered Decentralized Horizontal Federated Learning for 5G-Enabled UAVs,Ledger-mediated trust,E,no,informal_security_analysis; performance_comparison; simulation; blockchain_platform,informal security analysis; performance comparison; prototype/simulation; blockchain platform,dynamic revocation and membership; privacy-accountability tradeoff; policy/authorization binding; storage/on-chain overhead; resource-constrained deployment; centralized trust or key escrow,,not selected,not assigned; evidence appraisal is descriptive
P173,40,Blockchain-Based Cross-Domain Authentication for Intelligent 5G-Enabled Internet of Drones,Ledger-mediated trust,E,yes,informal_security_analysis; performance_comparison; simulation; blockchain_platform,informal security analysis; performance comparison; prototype/simulation; blockchain platform,privacy-accountability tradeoff; policy/authorization binding; scalability and throughput; storage/on-chain overhead; resource-constrained deployment; centralized trust or key escrow,,not selected,not assigned; evidence appraisal is descriptive
P200,41,Federated Hierarchical Trust-Based Interaction Scheme for Cross-Domain Industrial IoT,Ledger-mediated trust,E,yes,simulation,prototype/simulation,privacy-accountability tradeoff; policy/authorization binding; storage/on-chain overhead; resource-constrained deployment; centralized trust or key escrow; formal model gap,,not selected,not assigned; evidence appraisal is descriptive
P113,42,Blockchain-Based Cross-Domain Authentication With Dynamic Domain Participation in IoT,Ledger-mediated trust,E,yes,informal_security_analysis; performance_comparison; simulation,informal security analysis; performance comparison; prototype/simulation,dynamic revocation and membership; privacy-accountability tradeoff; policy/authorization binding; scalability and throughput; storage/on-chain overhead; resource-constrained deployment; centralized trust or key escrow; formal model gap,,not selected,not assigned; evidence appraisal is descriptive
P159,43,An Efficient Consensus Algorithm for Blockchain-Based Cross-Domain Authentication in Bandwidth-Constrained Wide-Area IoT Networks,Ledger-mediated trust,C,yes,BAN_logic; informal_security_analysis; formal_proof; performance_comparison; simulation,BAN logic; formal proof; informal security analysis; performance comparison; prototype/simulation,privacy-accountability tradeoff; policy/authorization binding; scalability and throughput; storage/on-chain overhead; centralized trust or key escrow; formal model gap,,not selected,not assigned; evidence appraisal is descriptive
P168,44,BLECA A Blockchain-Based Lightweight and Efficient Cross-Domain Authentication Scheme for Smart Parks,Ledger-mediated trust,E,yes,informal_security_analysis; formal_proof; performance_comparison; simulation; blockchain_platform,formal proof; informal security analysis; performance comparison; prototype/simulation; blockchain platform,dynamic revocation and membership; privacy-accountability tradeoff; policy/authorization binding; scalability and throughput; storage/on-chain overhead; resource-constrained deployment; centralized trust or key escrow; formal model gap,,not selected,not assigned; evidence appraisal is descriptive
P201,45,Hybrid blockchain-based many-to-many cross-domain authentication scheme for smart agriculture IoT networks,Certificateless split-key,D,yes,informal_security_analysis; performance_comparison; simulation; blockchain_platform,informal security analysis; performance comparison; prototype/simulation; blockchain platform,dynamic revocation and membership; privacy-accountability tradeoff; scalability and throughput; storage/on-chain overhead; centralized trust or key escrow,missing_abstract,not selected,not assigned; evidence appraisal is descriptive
P116,46,Bridge of Trust Cross Domain Authentication for Industrial Internet of Things (IIoT) Blockchain over Transport Layer Security (TLS),Ledger-mediated trust,D,yes,informal_security_analysis; simulation,informal security analysis; prototype/simulation,privacy-accountability tradeoff; policy/authorization binding; storage/on-chain overhead; resource-constrained deployment; centralized trust or key escrow; formal model gap,,not selected,not assigned; evidence appraisal is descriptive
P102,47,CCAP A Complete Cross-Domain Authentication Based on Blockchain for Internet of Things,Ledger-mediated trust,E,yes,informal_security_analysis; performance_comparison; simulation; blockchain_platform,informal security analysis; performance comparison; prototype/simulation; blockchain platform,dynamic revocation and membership; privacy-accountability tradeoff; policy/authorization binding; storage/on-chain overhead; centralized trust or key escrow; formal model gap,,selected,not assigned; evidence appraisal is descriptive
P185,48,Cross-domain secure communication scheme in industrial internet of things based on consortium blockchain,Ledger-mediated trust,A,yes,ProVerif; informal_security_analysis; performance_comparison; simulation; blockchain_platform,ProVerif; informal security analysis; performance comparison; prototype/simulation; blockchain platform,privacy-accountability tradeoff; scalability and throughput; storage/on-chain overhead; resource-constrained deployment; centralized trust or key escrow; formal model gap,,not selected,not assigned; evidence appraisal is descriptive
P193,49,Efficient and Anonymous Cross-Domain Authentication for IIoT Based on Blockchain,Ledger-mediated trust,B,yes,RoR_random_oracle; informal_security_analysis; formal_proof; performance_comparison; simulation,RoR/random oracle; formal proof; informal security analysis; performance comparison; prototype/simulation,privacy-accountability tradeoff; policy/authorization binding; storage/on-chain overhead; resource-constrained deployment; centralized trust or key escrow; formal model gap,,not selected,not assigned; evidence appraisal is descriptive
P153,50,A Privacy-Preserving Cross-Domain Authentication and Key Agreement Scheme via Multiblockchains for Smart Cities,Ledger-mediated trust,B,yes,RoR_random_oracle; informal_security_analysis; formal_proof; performance_comparison; simulation,RoR/random oracle; formal proof; informal security analysis; performance comparison; prototype/simulation,privacy-accountability tradeoff; policy/authorization binding; scalability and throughput; storage/on-chain overhead; centralized trust or key escrow; formal model gap,,not selected,not assigned; evidence appraisal is descriptive
P112,51,Authentication Technology in Internet of Things and Privacy Security Issues in Typical Application Scenarios,Ledger-mediated trust,E,yes,BAN_logic; ProVerif; AVISPA; informal_security_analysis; formal_proof; performance_comparison; simulation; blockchain_platform,BAN logic; ProVerif; AVISPA; formal proof; informal security analysis; performance comparison; prototype/simulation; blockchain platform,privacy-accountability tradeoff; scalability and throughput; storage/on-chain overhead; resource-constrained deployment; centralized trust or key escrow; formal model gap,,not selected,not assigned; evidence appraisal is descriptive
P132,52,A Blockchain-Based Multi-CA Cross-Domain Authentication Scheme in Decentralized Autonomous Network,Ledger-mediated trust,C,yes,BAN_logic; informal_security_analysis; formal_proof; performance_comparison; simulation; blockchain_platform,BAN logic; formal proof; informal security analysis; performance comparison; prototype/simulation; blockchain platform,dynamic revocation and membership; privacy-accountability tradeoff; policy/authorization binding; scalability and throughput; storage/on-chain overhead; centralized trust or key escrow; formal model gap,,not selected,not assigned; evidence appraisal is descriptive
P223,53,Secure Cross-Domain Authentication and Data Sharing Scheme for IIoT in Cloud-Fog Automation Architecture,Ledger-mediated trust,B,yes,informal_security_analysis; formal_proof; performance_comparison; simulation; blockchain_platform,formal proof; informal security analysis; performance comparison; prototype/simulation; blockchain platform,privacy-accountability tradeoff; policy/authorization binding; scalability and throughput; storage/on-chain overhead; centralized trust or key escrow; formal model gap,,not selected,not assigned; evidence appraisal is descriptive
P191,54,Dynamic Time-Bound Anonymous Complete Cross-Domain Authentication Scheme for IoT,Ledger-mediated trust,B,yes,RoR_random_oracle; informal_security_analysis; formal_proof; performance_comparison; simulation,RoR/random oracle; formal proof; informal security analysis; performance comparison; prototype/simulation,dynamic revocation and membership; privacy-accountability tradeoff; policy/authorization binding; scalability and throughput; storage/on-chain overhead; resource-constrained deployment; centralized trust or key escrow; formal model gap,,not selected,not assigned; evidence appraisal is descriptive
P136,55,A Certificateless-Based Authentication and Key Agreement Scheme for IIoT Cross-Domain,Ledger-mediated trust,A,yes,RoR_random_oracle; Tamarin; informal_security_analysis; formal_proof; performance_comparison; simulation; blockchain_platform,RoR/random oracle; Tamarin; formal proof; informal security analysis; performance comparison; prototype/simulation; blockchain platform,privacy-accountability tradeoff; storage/on-chain overhead; resource-constrained deployment; centralized trust or key escrow; formal model gap,missing_abstract,selected,not assigned; evidence appraisal is descriptive
P051,56,DynaTrac A Decentralized Cross-Domain Authentication Framework With Dynamic Reputation Weighting and Accountable Tracing,Ledger-mediated trust,C,yes,BAN_logic; RoR_random_oracle; informal_security_analysis; formal_proof; performance_comparison; simulation; blockchain_platform,BAN logic; RoR/random oracle; formal proof; informal security analysis; performance comparison; prototype/simulation; blockchain platform,dynamic revocation and membership; privacy-accountability tradeoff; policy/authorization binding; scalability and throughput; storage/on-chain overhead; centralized trust or key escrow,,not selected,not assigned; evidence appraisal is descriptive
P161,57,BAT-CA A Blockchain-Based Anonymous and Traceable Cross-Domain Authentication Approach for Interner of Things,Ledger-mediated trust,E,yes,performance_comparison; simulation; blockchain_platform,performance comparison; prototype/simulation; blockchain platform,privacy-accountability tradeoff; storage/on-chain overhead; resource-constrained deployment; centralized trust or key escrow; formal model gap,,not selected,not assigned; evidence appraisal is descriptive
P194,58,Efficient and Privacy-preserving Blockchain-based Multi-factor Device Authentication Protocol for Cross-domain IIoT,Ledger-mediated trust,C,no,BAN_logic; informal_security_analysis; formal_proof; performance_comparison; simulation; blockchain_platform,BAN logic; formal proof; informal security analysis; performance comparison; prototype/simulation; blockchain platform,privacy-accountability tradeoff; policy/authorization binding; scalability and throughput; storage/on-chain overhead; centralized trust or key escrow; formal model gap,,not selected,not assigned; evidence appraisal is descriptive
P145,59,A Lightweight Authentication Scheme Based on Consortium Blockchain for Cross-Domain IoT,Ledger-mediated trust,D,yes,informal_security_analysis; formal_proof; performance_comparison; simulation; blockchain_platform; Hyperledger,formal proof; informal security analysis; performance comparison; prototype/simulation; blockchain platform,dynamic revocation and membership; privacy-accountability tradeoff; policy/authorization binding; scalability and throughput; storage/on-chain overhead; resource-constrained deployment; centralized trust or key escrow; formal model gap,missing_abstract,not selected,not assigned; evidence appraisal is descriptive
P120,60,A Lightweight Authentication Method for Industrial Internet of Things Based on Blockchain and Chebyshev Chaotic Maps,Ledger-mediated trust,B,yes,RoR_random_oracle; informal_security_analysis; formal_proof; performance_comparison; simulation; blockchain_platform; Hyperledger,RoR/random oracle; formal proof; informal security analysis; performance comparison; prototype/simulation; blockchain platform,privacy-accountability tradeoff; scalability and throughput; storage/on-chain overhead; resource-constrained deployment; centralized trust or key escrow; formal model gap,,not selected,not assigned; evidence appraisal is descriptive
P167,61,BEPHAP A Blockchain-based Efficient Privacy-Preserving Handover Authentication Protocol with key agreement for Internet of Vehicles,Ledger-mediated trust,A,yes,BAN_logic; RoR_random_oracle; ProVerif; informal_security_analysis; formal_proof; performance_comparison; simulation; blockchain_platform,BAN logic; RoR/random oracle; ProVerif; formal proof; informal security analysis; performance comparison; prototype/simulation; blockchain platform,privacy-accountability tradeoff; scalability and throughput; storage/on-chain overhead; resource-constrained deployment; centralized trust or key escrow; formal model gap,missing_abstract,not selected,not assigned; evidence appraisal is descriptive
P172,62,Blockchain-Based Certificate-Free Cross-Domain Authentication Mechanism for Industrial Internet,Ledger-mediated trust,A,yes,Scyther; informal_security_analysis; formal_proof; performance_comparison; simulation; blockchain_platform; Ethereum_Ganache_Solidity,Scyther; formal proof; informal security analysis; performance comparison; prototype/simulation; blockchain platform,policy/authorization binding; scalability and throughput; storage/on-chain overhead; resource-constrained deployment; centralized trust or key escrow; formal model gap,,not selected,not assigned; evidence appraisal is descriptive
P183,63,Cross-domain identity authentication scheme based on blockchain and PKI system,Ledger-mediated trust,E,yes,informal_security_analysis; performance_comparison; simulation; blockchain_platform,informal security analysis; performance comparison; prototype/simulation; blockchain platform,dynamic revocation and membership; privacy-accountability tradeoff; scalability and throughput; storage/on-chain overhead; resource-constrained deployment; centralized trust or key escrow; formal model gap,missing_abstract,not selected,not assigned; evidence appraisal is descriptive
P213,64,Optimizing Scalable Storage for Blockchain-Based IoT Cross-Domain Authentication,Ledger-mediated trust,E,yes,performance_comparison; simulation,performance comparison; prototype/simulation,privacy-accountability tradeoff; scalability and throughput; storage/on-chain overhead; centralized trust or key escrow; formal model gap,missing_method_excerpt,not selected,not assigned; evidence appraisal is descriptive
P222,65,SE-CAS Secure and Efficient Cross-Domain Authentication Scheme Based on Blockchain for Space TT&C Networks,Ledger-mediated trust,D,yes,AVISPA; informal_security_analysis; performance_comparison; simulation,AVISPA; informal security analysis; performance comparison; prototype/simulation,privacy-accountability tradeoff; policy/authorization binding; scalability and throughput; storage/on-chain overhead; resource-constrained deployment; centralized trust or key escrow,,not selected,not assigned; evidence appraisal is descriptive
P125,66,Split-Chain-Based Efficient Blockchain-Assisted Cross-Domain Authentication for IoT,Ledger-mediated trust,E,yes,informal_security_analysis; performance_comparison; simulation; blockchain_platform; Hyperledger,informal security analysis; performance comparison; prototype/simulation; blockchain platform,privacy-accountability tradeoff; policy/authorization binding; scalability and throughput; storage/on-chain overhead; resource-constrained deployment; centralized trust or key escrow,,not selected,not assigned; evidence appraisal is descriptive
P221,67,Scalable Storage Optimization for Blockchain-Based Cross-Domain Authentication in IoT,Ledger-mediated trust,D,no,informal_security_analysis; performance_comparison; simulation,informal security analysis; performance comparison; prototype/simulation,privacy-accountability tradeoff; policy/authorization binding; scalability and throughput; storage/on-chain overhead; resource-constrained deployment; centralized trust or key escrow; formal model gap,,not selected,not assigned; evidence appraisal is descriptive
P187,68,Distributed Cross-Domain Anonymous Authentication Scheme in Internet of Things,Other/classical-general,D,yes,informal_security_analysis; performance_comparison; simulation,informal security analysis; performance comparison; prototype/simulation,privacy-accountability tradeoff; policy/authorization binding; scalability and throughput; storage/on-chain overhead; resource-constrained deployment; centralized trust or key escrow; formal model gap,,not selected,not assigned; evidence appraisal is descriptive
P124,69,Research on an Efficient Cross-Domain Authentication Scheme that is Based on Blockchain and Edge Computing,Certificateless split-key,E,yes,informal_security_analysis; formal_proof; performance_comparison; simulation,formal proof; informal security analysis; performance comparison; prototype/simulation,privacy-accountability tradeoff; policy/authorization binding; scalability and throughput; storage/on-chain overhead; resource-constrained deployment; centralized trust or key escrow; formal model gap,,not selected,not assigned; evidence appraisal is descriptive
P175,70,Blockchain-based lightweight trusted data interaction scheme for cross-domain IIoT,Ledger-mediated trust,D,yes,informal_security_analysis; simulation; blockchain_platform; Hyperledger,informal security analysis; prototype/simulation; blockchain platform,privacy-accountability tradeoff; scalability and throughput; storage/on-chain overhead; resource-constrained deployment; centralized trust or key escrow; formal model gap,missing_abstract,not selected,not assigned; evidence appraisal is descriptive
P174,71,Blockchain-Based Lightweight Message Authentication for Edge-Assisted Cross-Domain Industrial Internet of Things,Ledger-mediated trust,B,yes,RoR_random_oracle; informal_security_analysis; formal_proof; performance_comparison; simulation; blockchain_platform,RoR/random oracle; formal proof; informal security analysis; performance comparison; prototype/simulation; blockchain platform,dynamic revocation and membership; privacy-accountability tradeoff; policy/authorization binding; scalability and throughput; resource-constrained deployment; formal model gap,,not selected,not assigned; evidence appraisal is descriptive
P133,72,A Blockchain-Based Mutual Authentication Scheme for Collaborative Edge Computing,Certificateless split-key,E,yes,informal_security_analysis; performance_comparison; simulation; blockchain_platform,informal security analysis; performance comparison; prototype/simulation; blockchain platform,privacy-accountability tradeoff; policy/authorization binding; scalability and throughput; storage/on-chain overhead; resource-constrained deployment; centralized trust or key escrow; formal model gap,,not selected,not assigned; evidence appraisal is descriptive
P109,73,A Lightweight Group Authentication Framework for Cross-Domain Internet of Things,Ledger-mediated trust,B,yes,informal_security_analysis; performance_comparison; simulation,informal security analysis; performance comparison; prototype/simulation,privacy-accountability tradeoff; scalability and throughput; resource-constrained deployment; centralized trust or key escrow,,not selected,not assigned; evidence appraisal is descriptive
P118,74,Efficient Blockchain-Based Mutual Authentication and Session Key Agreement for Cross-Domain IIoT,Ledger-mediated trust,A,yes,BAN_logic; RoR_random_oracle; ProVerif; Scyther; informal_security_analysis; formal_proof; performance_comparison; simulation; blockchain_platform,BAN logic; RoR/random oracle; ProVerif; Scyther; formal proof; informal security analysis; performance comparison; prototype/simulation; blockchain platform,dynamic revocation and membership; privacy-accountability tradeoff; policy/authorization binding; scalability and throughput; storage/on-chain overhead; resource-constrained deployment; centralized trust or key escrow; formal model gap,,not selected,not assigned; evidence appraisal is descriptive
P195,75,Efficient hybrid centralized and blockchain-based authentication architecture for heterogeneous IoT systems,Ledger-mediated trust,E,yes,informal_security_analysis; performance_comparison; simulation; blockchain_platform; Ethereum_Ganache_Solidity,informal security analysis; performance comparison; prototype/simulation; blockchain platform,privacy-accountability tradeoff; scalability and throughput; storage/on-chain overhead; resource-constrained deployment; centralized trust or key escrow,borderline_review_needed; missing_abstract,not selected,not assigned; evidence appraisal is descriptive
P166,76,BCPPAS Blockchain-Based Cross-Domain Identity Authentication Scheme for IoT with Privacy Protection,Certificateless split-key,D,yes,formal_proof; performance_comparison; simulation; blockchain_platform,formal proof; performance comparison; prototype/simulation; blockchain platform,privacy-accountability tradeoff; policy/authorization binding; scalability and throughput; storage/on-chain overhead; resource-constrained deployment; centralized trust or key escrow,,not selected,not assigned; evidence appraisal is descriptive
P162,77,BCAE A Blockchain-Based Cross Domain Authentication Scheme for Edge Computing,Ledger-mediated trust,B,yes,RoR_random_oracle; informal_security_analysis; formal_proof; performance_comparison; simulation,RoR/random oracle; formal proof; informal security analysis; performance comparison; prototype/simulation,privacy-accountability tradeoff; policy/authorization binding; scalability and throughput; resource-constrained deployment; centralized trust or key escrow; formal model gap,,selected,not assigned; evidence appraisal is descriptive
P179,78,BTAA Blockchain and TEE-Assisted Authentication for IoT Systems,Hardware-/device-rooted,D,yes,RoR_random_oracle; informal_security_analysis; formal_proof; performance_comparison; simulation; blockchain_platform,RoR/random oracle; formal proof; informal security analysis; performance comparison; prototype/simulation; blockchain platform,privacy-accountability tradeoff; policy/authorization binding; scalability and throughput; storage/on-chain overhead; resource-constrained deployment; centralized trust or key escrow,,not selected,not assigned; evidence appraisal is descriptive
P131,79,A Blockchain-Based Cross-Domain Data Transmission Scheme for Industrial Internet of Things With Edge-Cloud Computing,Ledger-mediated trust,B,yes,RoR_random_oracle; informal_security_analysis; formal_proof; performance_comparison; simulation; blockchain_platform,RoR/random oracle; formal proof; informal security analysis; performance comparison; prototype/simulation; blockchain platform,privacy-accountability tradeoff; policy/authorization binding; scalability and throughput; storage/on-chain overhead; resource-constrained deployment; centralized trust or key escrow; formal model gap,,not selected,not assigned; evidence appraisal is descriptive
P135,80,A Certificateless Anonymous Cross-Domain Authentication Scheme Assisted by Blockchain for Internet of Vehicles,Certificateless split-key,B,yes,RoR_random_oracle; informal_security_analysis; formal_proof; performance_comparison; simulation; blockchain_platform,RoR/random oracle; formal proof; informal security analysis; performance comparison; prototype/simulation; blockchain platform,dynamic revocation and membership; privacy-accountability tradeoff; policy/authorization binding; scalability and throughput; storage/on-chain overhead; centralized trust or key escrow; formal model gap,missing_abstract,not selected,not assigned; evidence appraisal is descriptive
P190,81,Dynamic Authentication and Granularized Authorization With Cross-Domain Zero Trust Architecture in Large-Scale IoT Networks,Other/classical-general,D,yes,performance_comparison; simulation,performance comparison; prototype/simulation,privacy-accountability tradeoff; policy/authorization binding; scalability and throughput; storage/on-chain overhead; resource-constrained deployment; centralized trust or key escrow; formal model gap,,not selected,not assigned; evidence appraisal is descriptive
P150,82,A New Identity Authentication and Key Agreement Protocol Based on Multi-Layer Blockchain in Edge Computing,Ledger-mediated trust,A,yes,RoR_random_oracle; Scyther; informal_security_analysis; formal_proof; performance_comparison; simulation; blockchain_platform,RoR/random oracle; Scyther; formal proof; informal security analysis; performance comparison; prototype/simulation; blockchain platform,dynamic revocation and membership; privacy-accountability tradeoff; scalability and throughput; storage/on-chain overhead; resource-constrained deployment; centralized trust or key escrow; formal model gap,,not selected,not assigned; evidence appraisal is descriptive
P211,83,LRCDA A Lightweight and Reusable Cross-Domain Authentication Scheme for Industrial IoT Based on Distributed Architecture,Other/classical-general,B,yes,RoR_random_oracle; informal_security_analysis; formal_proof; performance_comparison; simulation,RoR/random oracle; formal proof; informal security analysis; performance comparison; prototype/simulation,dynamic revocation and membership; privacy-accountability tradeoff; policy/authorization binding; scalability and throughput; storage/on-chain overhead; resource-constrained deployment; centralized trust or key escrow; formal model gap,,not selected,not assigned; evidence appraisal is descriptive
P192,84,ECroA Efficient Cross-Domain Authentication in Dynamic Digital Twins of Wireless Industrial IoT,Ledger-mediated trust,A,yes,Scyther; informal_security_analysis; performance_comparison; simulation; blockchain_platform,Scyther; informal security analysis; performance comparison; prototype/simulation; blockchain platform,privacy-accountability tradeoff; policy/authorization binding; scalability and throughput; centralized trust or key escrow; formal model gap,,not selected,not assigned; evidence appraisal is descriptive
P137,85,A Cross-domain Authentication Scheme Based on Blockchain and Edge Computing,Ledger-mediated trust,E,yes,informal_security_analysis; performance_comparison; simulation,informal security analysis; performance comparison; prototype/simulation,dynamic revocation and membership; privacy-accountability tradeoff; policy/authorization binding; storage/on-chain overhead; resource-constrained deployment; centralized trust or key escrow; formal model gap,,not selected,not assigned; evidence appraisal is descriptive
P142,86,A highly reliable cross-domain identity authentication protocol based on blockchain in edge computing environment,Ledger-mediated trust,C,yes,BAN_logic; informal_security_analysis; performance_comparison; simulation; blockchain_platform; Hyperledger,BAN logic; informal security analysis; performance comparison; prototype/simulation; blockchain platform,privacy-accountability tradeoff; scalability and throughput; storage/on-chain overhead; resource-constrained deployment; centralized trust or key escrow; formal model gap,,not selected,not assigned; evidence appraisal is descriptive
P208,87,Lightweight Cross-Domain Authentication Scheme for Securing Wireless IoT Devices Using Backscatter Communication,Other/classical-general,E,yes,informal_security_analysis; performance_comparison; simulation,informal security analysis; performance comparison; prototype/simulation,privacy-accountability tradeoff; policy/authorization binding; resource-constrained deployment; centralized trust or key escrow; formal model gap,,not selected,not assigned; evidence appraisal is descriptive
P210,88,LightweightAttribute-BasedCross-Domain AuthenticationforPowerIoT withEdgeComputingIntegration,Other/classical-general,B,yes,formal_proof; simulation,formal proof; prototype/simulation,dynamic revocation and membership; privacy-accountability tradeoff; policy/authorization binding; scalability and throughput; storage/on-chain overhead; resource-constrained deployment; centralized trust or key escrow; formal model gap,,not selected,not assigned; evidence appraisal is descriptive
P217,89,Research on Secure Authentication and Access Control for Device Access Based on Distributed Architecture,Zero-knowledge/privacy credential,E,yes,performance_comparison; simulation; blockchain_platform,performance comparison; prototype/simulation; blockchain platform,dynamic revocation and membership; privacy-accountability tradeoff; policy/authorization binding; scalability and throughput; storage/on-chain overhead; resource-constrained deployment; centralized trust or key escrow; formal model gap,,not selected,not assigned; evidence appraisal is descriptive
P196,90,Efficient Provably Secure Authentication Protocol for Multidomain IIoT Using a Combined Off-Chain and On-Chain Approach,Ledger-mediated trust,A,yes,ProVerif; informal_security_analysis; formal_proof; performance_comparison; simulation; blockchain_platform,ProVerif; formal proof; informal security analysis; performance comparison; prototype/simulation; blockchain platform,dynamic revocation and membership; privacy-accountability tradeoff; policy/authorization binding; storage/on-chain overhead; centralized trust or key escrow; formal model gap,,not selected,not assigned; evidence appraisal is descriptive
P117,91,Chebyshev Polynomial and Private Blockchain Based Cross-Domain Authentication Protocol for IoD Networks,Hardware-/device-rooted,A,yes,AVISPA; informal_security_analysis; performance_comparison; simulation,AVISPA; informal security analysis; performance comparison; prototype/simulation,privacy-accountability tradeoff; scalability and throughput; storage/on-chain overhead; resource-constrained deployment; formal model gap,,not selected,not assigned; evidence appraisal is descriptive
P165,92,BCPA A Blockchain-Based Cross-Domain Privacy-Preserving Authentication Scheme in Internet of Things Environments,Hardware-/device-rooted,A,yes,RoR_random_oracle; AVISPA; informal_security_analysis; formal_proof; performance_comparison; simulation; blockchain_platform,RoR/random oracle; AVISPA; formal proof; informal security analysis; performance comparison; prototype/simulation; blockchain platform,dynamic revocation and membership; privacy-accountability tradeoff; policy/authorization binding; scalability and throughput; storage/on-chain overhead; resource-constrained deployment; centralized trust or key escrow; formal model gap,,not selected,not assigned; evidence appraisal is descriptive
P188,93,DKGAuth Blockchain-Assisted Distributed Key Generation and Authentication for Cross-Domain Intelligent IoT,Ledger-mediated trust,E,yes,informal_security_analysis; performance_comparison; simulation; blockchain_platform,informal security analysis; performance comparison; prototype/simulation; blockchain platform,privacy-accountability tradeoff; policy/authorization binding; scalability and throughput; storage/on-chain overhead; resource-constrained deployment; centralized trust or key escrow; post-quantum migration; formal model gap,,not selected,not assigned; evidence appraisal is descriptive
P123,94,Blockchain and PUF-based secure key establishment protocol for cross- domain digital twins in industrial Internet of Things architecture,Hardware-/device-rooted,E,yes,informal_security_analysis; performance_comparison; simulation; blockchain_platform,informal security analysis; performance comparison; prototype/simulation; blockchain platform,privacy-accountability tradeoff; policy/authorization binding; scalability and throughput; storage/on-chain overhead; resource-constrained deployment,missing_abstract,not selected,not assigned; evidence appraisal is descriptive
P151,95,A Post-Quantum Secure Federated Learning Framework for Cross-Domain V2G Authentication,Hardware-/device-rooted,A,yes,Scyther; informal_security_analysis; formal_proof; performance_comparison; simulation; blockchain_platform,Scyther; formal proof; informal security analysis; performance comparison; prototype/simulation; blockchain platform,dynamic revocation and membership; privacy-accountability tradeoff; policy/authorization binding; scalability and throughput; storage/on-chain overhead; resource-constrained deployment; centralized trust or key escrow; post-quantum migration; formal model gap,,not selected,not assigned; evidence appraisal is descriptive
P206,96,LCH-AKA Identity Authentication and Key Agreement Scheme of Lightweight Cross-Domain Heterogeneous Network Based on PUF,Hardware-/device-rooted,A,yes,AVISPA; informal_security_analysis; formal_proof; performance_comparison; simulation; blockchain_platform,AVISPA; formal proof; informal security analysis; performance comparison; prototype/simulation; blockchain platform,privacy-accountability tradeoff; policy/authorization binding; scalability and throughput; storage/on-chain overhead; resource-constrained deployment; centralized trust or key escrow; post-quantum migration; formal model gap,,not selected,not assigned; evidence appraisal is descriptive
P204,97,LBCM A Scalable and DDoS-Resistant Cross-Domain Authentication Protocol for IIoT Using Chaotic Maps and Merkle Tree,Other/classical-general,A,yes,RoR_random_oracle; ProVerif; informal_security_analysis; formal_proof; performance_comparison; simulation; blockchain_platform; Ethereum_Ganache_Solidity,RoR/random oracle; ProVerif; formal proof; informal security analysis; performance comparison; prototype/simulation; blockchain platform,dynamic revocation and membership; privacy-accountability tradeoff; policy/authorization binding; scalability and throughput; storage/on-chain overhead; resource-constrained deployment; formal model gap,,not selected,not assigned; evidence appraisal is descriptive
P126,98,CD-AKA-IoV A Provably Secure Cross-Domain Authentication and Key Agreement Protocol for Internet of Vehicle,Hardware-/device-rooted,A,yes,RoR_random_oracle; Scyther; informal_security_analysis; formal_proof; performance_comparison; simulation,RoR/random oracle; Scyther; formal proof; informal security analysis; performance comparison; prototype/simulation,privacy-accountability tradeoff; storage/on-chain overhead; resource-constrained deployment; formal model gap,,not selected,not assigned; evidence appraisal is descriptive
P205,99,LCDMA Lightweight Cross-Domain Mutual Identity Authentication Scheme for Internet of Things,Other/classical-general,B,yes,RoR_random_oracle; informal_security_analysis; formal_proof; performance_comparison,RoR/random oracle; formal proof; informal security analysis; performance comparison,privacy-accountability tradeoff; policy/authorization binding; storage/on-chain overhead; resource-constrained deployment; formal model gap,,not selected,not assigned; evidence appraisal is descriptive
P207,100,Lightweight Blockchain-Enhanced Mutual Authentication Protocol for UAVs,Ledger-mediated trust,B,yes,RoR_random_oracle; informal_security_analysis; formal_proof; performance_comparison; simulation; blockchain_platform,RoR/random oracle; formal proof; informal security analysis; performance comparison; prototype/simulation; blockchain platform,privacy-accountability tradeoff; scalability and throughput; storage/on-chain overhead; resource-constrained deployment; centralized trust or key escrow; formal model gap,borderline_review_needed,not selected,not assigned; evidence appraisal is descriptive
P158,101,An anonymous and efficient certificateless signature scheme based on blockchain in NDN-IoT environments,Certificateless split-key,B,yes,RoR_random_oracle; informal_security_analysis; formal_proof; performance_comparison; simulation; blockchain_platform,RoR/random oracle; formal proof; informal security analysis; performance comparison; prototype/simulation; blockchain platform,privacy-accountability tradeoff; storage/on-chain overhead; resource-constrained deployment; centralized trust or key escrow,borderline_review_needed,not selected,not assigned; evidence appraisal is descriptive
P180,102,CABC A Cross-Domain Authentication Method Combining Blockchain with Certificateless Signature for IIoT☆,Certificateless split-key,B,yes,RoR_random_oracle; informal_security_analysis; formal_proof; performance_comparison; simulation; blockchain_platform; Hyperledger,RoR/random oracle; formal proof; informal security analysis; performance comparison; prototype/simulation; blockchain platform,privacy-accountability tradeoff; policy/authorization binding; scalability and throughput; storage/on-chain overhead; centralized trust or key escrow,missing_abstract,not selected,not assigned; evidence appraisal is descriptive
P122,103,LCC-AKA: Lightweight Certificateless Cross-Domain Authentication Key Agreement Protocol for IoT Devices,Certificateless split-key,B,no,BAN_logic; RoR_random_oracle; informal_security_analysis; formal_proof; performance_comparison; simulation,BAN logic; RoR/random oracle; formal proof; informal security analysis; performance comparison; prototype/simulation,privacy-accountability tradeoff; scalability and throughput; resource-constrained deployment; centralized trust or key escrow; formal model gap,missing_abstract,not selected,not assigned; evidence appraisal is descriptive
P147,104,A Lightweight Cross-Domain Direct Identity Authentication Protocol for VANETs,Certificateless split-key,A,yes,RoR_random_oracle; ProVerif; informal_security_analysis; formal_proof; performance_comparison; simulation,RoR/random oracle; ProVerif; formal proof; informal security analysis; performance comparison; prototype/simulation,privacy-accountability tradeoff; policy/authorization binding; scalability and throughput; resource-constrained deployment; centralized trust or key escrow; formal model gap,,not selected,not assigned; evidence appraisal is descriptive
P171,105,Blockchain-Based C ertificateless Cross-Domain Authentication Scheme in the Industrial Internet of Things,Certificateless split-key,D,yes,informal_security_analysis; formal_proof; performance_comparison; simulation; blockchain_platform; Hyperledger,formal proof; informal security analysis; performance comparison; prototype/simulation; blockchain platform,dynamic revocation and membership; privacy-accountability tradeoff; policy/authorization binding; scalability and throughput; storage/on-chain overhead; resource-constrained deployment; centralized trust or key escrow; formal model gap,,not selected,not assigned; evidence appraisal is descriptive
P128,106,A Blockchain-Assisted Cross-Domain Authentication and Key Negotiation Scheme in IIoT,Ledger-mediated trust,C,yes,BAN_logic; informal_security_analysis; formal_proof; performance_comparison; simulation; blockchain_platform,BAN logic; formal proof; informal security analysis; performance comparison; prototype/simulation; blockchain platform,privacy-accountability tradeoff; policy/authorization binding; scalability and throughput; storage/on-chain overhead; resource-constrained deployment; centralized trust or key escrow; formal model gap,,not selected,not assigned; evidence appraisal is descriptive
P199,107,Enhance IoT Security A Blo ckchain and Chameleon Hashing-Based Scheme for Authentication,Certificateless split-key,C,yes,BAN_logic; informal_security_analysis; formal_proof; performance_comparison; simulation; blockchain_platform,BAN logic; formal proof; informal security analysis; performance comparison; prototype/simulation; blockchain platform,dynamic revocation and membership; privacy-accountability tradeoff; scalability and throughput; storage/on-chain overhead; resource-constrained deployment; centralized trust or key escrow; formal model gap,,not selected,not assigned; evidence appraisal is descriptive
P105,108,AAMB a cross-domain identity authentication scheme based on multilayered blockchains in IoMT,Ledger-mediated trust,C,yes,BAN_logic; informal_security_analysis; formal_proof; performance_comparison; simulation; blockchain_platform,BAN logic; formal proof; informal security analysis; performance comparison; prototype/simulation; blockchain platform,dynamic revocation and membership; privacy-accountability tradeoff; policy/authorization binding; scalability and throughput; storage/on-chain overhead; resource-constrained deployment; centralized trust or key escrow; formal model gap,,not selected,not assigned; evidence appraisal is descriptive
P146,109,A Lightweight Blockchain-Based Cross-Domain Authentication and Data Sharing Scheme for the Industrial Internet of Things,Ledger-mediated trust,D,yes,BAN_logic; informal_security_analysis; formal_proof; performance_comparison,BAN logic; formal proof; informal security analysis; performance comparison,privacy-accountability tradeoff; storage/on-chain overhead; resource-constrained deployment; formal model gap,,not selected,not assigned; evidence appraisal is descriptive
P177,110,Blockchain‑based cross‑ domain authentication in a multi‑ domain Internet of drones environment,Ledger-mediated trust,A,yes,BAN_logic; RoR_random_oracle; Scyther; informal_security_analysis; formal_proof; performance_comparison; simulation; blockchain_platform; Hyperledger,BAN logic; RoR/random oracle; Scyther; formal proof; informal security analysis; performance comparison; prototype/simulation; blockchain platform,dynamic revocation and membership; privacy-accountability tradeoff; scalability and throughput; storage/on-chain overhead; resource-constrained deployment; centralized trust or key escrow; formal model gap,,not selected,not assigned; evidence appraisal is descriptive
P219,111,Revocable Certificateless Cross-Domain Authentication Scheme Based on Primary–Secondary Blockchain,Certificateless split-key,A,yes,AVISPA; informal_security_analysis; performance_comparison; simulation,AVISPA; informal security analysis; performance comparison; prototype/simulation,dynamic revocation and membership; policy/authorization binding; scalability and throughput; storage/on-chain overhead; centralized trust or key escrow; formal model gap,research_scenario_weak,not selected,not assigned; evidence appraisal is descriptive
P220,112,S3 Cross Blockchain-Based Cross-Domain Authentication With Self-Sovereign and Supervised Identity Management,Group-/ring-signature,B,yes,informal_security_analysis; formal_proof; performance_comparison; simulation; blockchain_platform,formal proof; informal security analysis; performance comparison; prototype/simulation; blockchain platform,dynamic revocation and membership; privacy-accountability tradeoff; policy/authorization binding; scalability and throughput; storage/on-chain overhead; resource-constrained deployment; centralized trust or key escrow; formal model gap,,not selected,not assigned; evidence appraisal is descriptive
P181,113,CABR a cross-domain authentication method combines blockchain and ring signatures,Group-/ring-signature,E,yes,informal_security_analysis; performance_comparison; simulation; blockchain_platform; Hyperledger; Ethereum_Ganache_Solidity,informal security analysis; performance comparison; prototype/simulation; blockchain platform,privacy-accountability tradeoff; policy/authorization binding; scalability and throughput; storage/on-chain overhead; centralized trust or key escrow; formal model gap,round6_cabr_fulltext_no_symbolic_tool_rom_only_primitive,not selected,not assigned; evidence appraisal is descriptive
P129,114,A Blockchain-Based Certificateless Anonymous Cross-Domain Authentication Scheme for IoV,Certificateless split-key,B,yes,RoR_random_oracle; informal_security_analysis; formal_proof; performance_comparison; simulation,RoR/random oracle; formal proof; informal security analysis; performance comparison; prototype/simulation,dynamic revocation and membership; privacy-accountability tradeoff; scalability and throughput; storage/on-chain overhead; centralized trust or key escrow; formal model gap,missing_abstract,not selected,not assigned; evidence appraisal is descriptive
P182,115,Conditionalprivacy-preservingmessageauthenticationschemefor cross-domainIndustrialInternetofThings,Other/classical-general,B,yes,RoR_random_oracle; informal_security_analysis; formal_proof; performance_comparison; simulation,RoR/random oracle; formal proof; informal security analysis; performance comparison; prototype/simulation,dynamic revocation and membership; privacy-accountability tradeoff; scalability and throughput; resource-constrained deployment; centralized trust or key escrow,missing_abstract,not selected,not assigned; evidence appraisal is descriptive
P197,116,Efficient Revocable Cross-Domain Anonymous Authentication Scheme for IIoT,Group-/ring-signature,B,yes,RoR_random_oracle; informal_security_analysis; formal_proof; performance_comparison; simulation,RoR/random oracle; formal proof; informal security analysis; performance comparison; prototype/simulation,dynamic revocation and membership; privacy-accountability tradeoff; policy/authorization binding; scalability and throughput; storage/on-chain overhead; resource-constrained deployment; formal model gap,,not selected,not assigned; evidence appraisal is descriptive
P139,117,A Distributed Authentication Scheme Based on Smart Contract for Roaming Service in Mobile Vehicular Networks,Ledger-mediated trust,D,yes,informal_security_analysis; formal_proof; performance_comparison; simulation; blockchain_platform,formal proof; informal security analysis; performance comparison; prototype/simulation; blockchain platform,dynamic revocation and membership; privacy-accountability tradeoff; policy/authorization binding; scalability and throughput; storage/on-chain overhead; resource-constrained deployment; centralized trust or key escrow,borderline_review_needed,not selected,not assigned; evidence appraisal is descriptive
P160,118,Anonymous and Traceable A Dynamic Group Signature-Based Cross-Domain Authentication for IIoT,Group-/ring-signature,B,yes,RoR_random_oracle; informal_security_analysis; formal_proof; performance_comparison; simulation,RoR/random oracle; formal proof; informal security analysis; performance comparison; prototype/simulation,dynamic revocation and membership; privacy-accountability tradeoff; policy/authorization binding; scalability and throughput; storage/on-chain overhead; resource-constrained deployment; centralized trust or key escrow; formal model gap,,not selected,not assigned; evidence appraisal is descriptive
P163,119,BCDAP-DGS Dynamic Group Signature and Batch Cross-Domain Authentication Protocol for Intelligent Transportation,Group-/ring-signature,B,yes,RoR_random_oracle; informal_security_analysis; formal_proof; performance_comparison; simulation,RoR/random oracle; formal proof; informal security analysis; performance comparison; prototype/simulation,dynamic revocation and membership; privacy-accountability tradeoff; policy/authorization binding; scalability and throughput; storage/on-chain overhead; resource-constrained deployment; formal model gap,,not selected,not assigned; evidence appraisal is descriptive
P198,120,"Endogenous Security Formal Definition, Innovation Mechanisms, and Experiment Research in Industrial Internet",Zero-knowledge/privacy credential,D,no,formal_proof; performance_comparison; simulation; blockchain_platform; Ethereum_Ganache_Solidity,formal proof; performance comparison; prototype/simulation; blockchain platform,policy/authorization binding; scalability and throughput; storage/on-chain overhead; resource-constrained deployment; centralized trust or key escrow; formal model gap,missing_method_excerpt,not selected,not assigned; evidence appraisal is descriptive
P189,121,DPCZK Enhancing Device Privacy Through Certificate-Free Encryption and Zero Knowledge Proof in Multi-Domain IoT Environments,Zero-knowledge/privacy credential,B,yes,informal_security_analysis; formal_proof; performance_comparison; simulation; blockchain_platform,formal proof; informal security analysis; performance comparison; prototype/simulation; blockchain platform,dynamic revocation and membership; privacy-accountability tradeoff; policy/authorization binding; storage/on-chain overhead; resource-constrained deployment; centralized trust or key escrow; formal model gap,,not selected,not assigned; evidence appraisal is descriptive
P111,122,An Anonymous Authentication Scheme with Low Overhead for Cross-Domain IoT,Zero-knowledge/privacy credential,D,yes,informal_security_analysis; formal_proof; performance_comparison; simulation,formal proof; informal security analysis; performance comparison; prototype/simulation,dynamic revocation and membership; privacy-accountability tradeoff; scalability and throughput; storage/on-chain overhead; centralized trust or key escrow,,not selected,not assigned; evidence appraisal is descriptive
P214,123,PECD-DSIIoT Privacy-enhanced cross-domain data sharing scheme for IIoT,Zero-knowledge/privacy credential,B,yes,RoR_random_oracle; informal_security_analysis; formal_proof; performance_comparison; simulation; blockchain_platform,RoR/random oracle; formal proof; informal security analysis; performance comparison; prototype/simulation; blockchain platform,dynamic revocation and membership; privacy-accountability tradeoff; policy/authorization binding; scalability and throughput; storage/on-chain overhead; resource-constrained deployment,missing_abstract,not selected,not assigned; evidence appraisal is descriptive
P178,124,BP-AKAA Blockchain-enforcedPrivacy-preservingAuthenticationandKey AgreementandAccessControlforIIoT,Zero-knowledge/privacy credential,D,yes,informal_security_analysis; formal_proof; performance_comparison; simulation; blockchain_platform,formal proof; informal security analysis; performance comparison; prototype/simulation; blockchain platform,privacy-accountability tradeoff; policy/authorization binding; scalability and throughput; storage/on-chain overhead; resource-constrained deployment; centralized trust or key escrow; post-quantum migration,borderline_review_needed; missing_abstract,not selected,not assigned; evidence appraisal is descriptive
P184,125,Cross-Domain Identity Authentication Scheme for the IIoT Identification Resolution System Based on Self-Sovereign Identity,Zero-knowledge/privacy credential,A,yes,AVISPA; informal_security_analysis; formal_proof; performance_comparison; simulation; blockchain_platform,AVISPA; formal proof; informal security analysis; performance comparison; prototype/simulation; blockchain platform,dynamic revocation and membership; privacy-accountability tradeoff; policy/authorization binding; scalability and throughput; storage/on-chain overhead; resource-constrained deployment; centralized trust or key escrow; formal model gap,,not selected,not assigned; evidence appraisal is descriptive
P170,126,Blockchain-Assisted Transparent Cross-Domain Authorization and Authentication for Smart City,Zero-knowledge/privacy credential,B,yes,informal_security_analysis; performance_comparison; simulation; blockchain_platform; Hyperledger,informal security analysis; performance comparison; prototype/simulation; blockchain platform,dynamic revocation and membership; privacy-accountability tradeoff; policy/authorization binding; scalability and throughput; storage/on-chain overhead; resource-constrained deployment; centralized trust or key escrow,,not selected,not assigned; evidence appraisal is descriptive
P226,127,XAuth Efficient Privacy-preserving Cross-domain Authentication,Zero-knowledge/privacy credential,D,yes,informal_security_analysis; simulation; blockchain_platform,informal security analysis; prototype/simulation; blockchain platform,privacy-accountability tradeoff; policy/authorization binding; scalability and throughput; storage/on-chain overhead; resource-constrained deployment; centralized trust or key escrow,,not selected,not assigned; evidence appraisal is descriptive
P148,128,A Multi-Blockchain Based Anonymous Cross-Domain Authentication Scheme for Industrial Internet of Things,Ledger-mediated trust,A,yes,ProVerif; informal_security_analysis; formal_proof; performance_comparison; simulation; blockchain_platform,ProVerif; formal proof; informal security analysis; performance comparison; prototype/simulation; blockchain platform,dynamic revocation and membership; privacy-accountability tradeoff; policy/authorization binding; scalability and throughput; storage/on-chain overhead; resource-constrained deployment; centralized trust or key escrow; formal model gap,,not selected,not assigned; evidence appraisal is descriptive
P155,129,A Traceable Cross-Domain Anonymous Authentication Scheme in Industrial Internet of Things,Ledger-mediated trust,B,yes,RoR_random_oracle; informal_security_analysis; formal_proof; performance_comparison; simulation; blockchain_platform; Ethereum_Ganache_Solidity,RoR/random oracle; formal proof; informal security analysis; performance comparison; prototype/simulation; blockchain platform,dynamic revocation and membership; privacy-accountability tradeoff; scalability and throughput; storage/on-chain overhead; resource-constrained deployment; centralized trust or key escrow; formal model gap,,not selected,not assigned; evidence appraisal is descriptive
P138,130,A Cross-Domain Authentication Scheme Based on Cooperative Blockchains Functioning With Revocation for Medical Consortiums,Certificateless split-key,E,yes,informal_security_analysis; performance_comparison; simulation; blockchain_platform,informal security analysis; performance comparison; prototype/simulation; blockchain platform,dynamic revocation and membership; privacy-accountability tradeoff; policy/authorization binding; scalability and throughput; storage/on-chain overhead; centralized trust or key escrow; formal model gap,,not selected,not assigned; evidence appraisal is descriptive
P143,131,A Lightweight and Robust Cross-Domain Authentication Scheme Based on Master-Slave Blockchain,Ledger-mediated trust,E,yes,simulation; blockchain_platform,prototype/simulation; blockchain platform,dynamic revocation and membership; privacy-accountability tradeoff; policy/authorization binding; scalability and throughput; resource-constrained deployment; centralized trust or key escrow; formal model gap,,not selected,not assigned; evidence appraisal is descriptive
P149,132,A Multi-Blockchain-Based Cross-Domain Authentication and Authorization Scheme for Energy Internet,Ledger-mediated trust,E,yes,performance_comparison; simulation; blockchain_platform,performance comparison; prototype/simulation; blockchain platform,dynamic revocation and membership; privacy-accountability tradeoff; policy/authorization binding; storage/on-chain overhead; resource-constrained deployment; centralized trust or key escrow; formal model gap,,not selected,not assigned; evidence appraisal is descriptive
P225,133,TrustPIoT Blockchain-based Anonymous Authentication for Cross-Domain Intelligent PIoT,Ledger-mediated trust,E,yes,informal_security_analysis; performance_comparison; simulation; blockchain_platform,informal security analysis; performance comparison; prototype/simulation; blockchain platform,privacy-accountability tradeoff; policy/authorization binding; scalability and throughput; storage/on-chain overhead; centralized trust or key escrow; formal model gap,,not selected,not assigned; evidence appraisal is descriptive
P215,134,Post-Quantum Traceable Anonymous Cross-Domain Authentication for Blockchain-Based IoT,Post-quantum,C,yes,BAN_logic; RoR_random_oracle; informal_security_analysis; formal_proof; performance_comparison; simulation; blockchain_platform,BAN logic; RoR/random oracle; formal proof; informal security analysis; performance comparison; prototype/simulation; blockchain platform,dynamic revocation and membership; privacy-accountability tradeoff; policy/authorization binding; scalability and throughput; storage/on-chain overhead; centralized trust or key escrow; post-quantum migration; formal model gap,,not selected,not assigned; evidence appraisal is descriptive
P227,135,"ZebraCPA Decentralized, Postquantum Conditional Privacy-Preserving Authentication for VANETs via Traceable ZK Ring Signatures",Post-quantum,D,yes,RoR_random_oracle; informal_security_analysis; formal_proof; performance_comparison; simulation,RoR/random oracle; formal proof; informal security analysis; performance comparison; prototype/simulation,dynamic revocation and membership; privacy-accountability tradeoff; policy/authorization binding; scalability and throughput; storage/on-chain overhead; resource-constrained deployment; centralized trust or key escrow; post-quantum migration; formal model gap,,not selected,not assigned; evidence appraisal is descriptive
P110,136,A Post-Quantum Cross-Domain Authentication Scheme Based on Multi-Chain Architecture,Post-quantum,B,yes,RoR_random_oracle; informal_security_analysis; formal_proof; simulation; blockchain_platform,RoR/random oracle; formal proof; informal security analysis; prototype/simulation; blockchain platform,privacy-accountability tradeoff; scalability and throughput; storage/on-chain overhead; resource-constrained deployment; centralized trust or key escrow; post-quantum migration; formal model gap,,not selected,not assigned; evidence appraisal is descriptive
P203,137,Lattice-Based Certificateless Proxy Re-Signature for IoT A Computation-and-Storage Optimized Post-Quantum Scheme,Post-quantum,B,yes,RoR_random_oracle; informal_security_analysis; formal_proof; performance_comparison; simulation,RoR/random oracle; formal proof; informal security analysis; performance comparison; prototype/simulation,privacy-accountability tradeoff; policy/authorization binding; scalability and throughput; storage/on-chain overhead; resource-constrained deployment; centralized trust or key escrow; post-quantum migration; formal model gap,,not selected,not assigned; evidence appraisal is descriptive
